"customer_id","Bookings.jan","Amountspent.jan","RoomNights.jan","Bookings.feb","Amountspent.feb","RoomNights.feb","Bookings.mar","Amountspent.mar","RoomNights.mar"
211,NA,NA,NA,1,1754,1,NA,NA,NA
220,2,3443,2,NA,NA,NA,1,1949,1
292,NA,NA,NA,1,5719,1,NA,NA,NA
648,NA,NA,NA,NA,NA,NA,1,14815,4
714,NA,NA,NA,NA,NA,NA,1,2267,1
728,NA,NA,NA,NA,NA,NA,1,4677,2
765,1,1949,1,NA,NA,NA,NA,NA,NA
834,NA,NA,NA,NA,NA,NA,1,3769,1
1731,NA,NA,NA,1,1819,1,NA,NA,NA
1775,NA,NA,NA,NA,NA,NA,1,2790,1
1864,2,4288,2,1,1494,1,NA,NA,NA
2029,NA,NA,NA,1,3119,1,NA,NA,NA
2057,NA,NA,NA,NA,NA,NA,1,4939,1
2133,NA,NA,NA,NA,NA,NA,1,2014,1
2161,NA,NA,NA,2,5458,2,NA,NA,NA
2162,1,4159,1,NA,NA,NA,NA,NA,NA
2202,2,15918,5,NA,NA,NA,NA,NA,NA
2261,NA,NA,NA,NA,NA,NA,1,2014,1
2263,NA,NA,NA,NA,NA,NA,1,3120,1
2562,NA,NA,NA,1,3388,1,NA,NA,NA
2577,NA,NA,NA,NA,NA,NA,1,2101,1
2583,NA,NA,NA,NA,NA,NA,1,1819,1
2827,1,4157,2,NA,NA,NA,1,5197,2
2831,NA,NA,NA,NA,NA,NA,1,2236,1
2861,NA,NA,NA,NA,NA,NA,1,4484,1
3145,1,1884,1,1,1884,1,NA,NA,NA
3176,NA,NA,NA,NA,NA,NA,1,3188,2
3177,NA,NA,NA,NA,NA,NA,1,2050,1
3207,NA,NA,NA,1,1819,1,5,10460,5
3231,NA,NA,NA,NA,NA,NA,1,2079,1
3288,NA,NA,NA,1,3637,2,NA,NA,NA
3398,NA,NA,NA,1,5651,3,2,7016,3
3424,1,2599,1,1,2014,1,1,1819,1
3427,NA,NA,NA,NA,NA,NA,2,4583,2
3449,2,5978,2,NA,NA,NA,NA,NA,NA
3452,1,5977,2,NA,NA,NA,NA,NA,NA
3510,NA,NA,NA,1,2144,1,NA,NA,NA
3574,NA,NA,NA,1,11531,5,NA,NA,NA
3580,1,4677,2,NA,NA,NA,NA,NA,NA
3585,1,2729,1,NA,NA,NA,NA,NA,NA
3770,1,2339,1,NA,NA,NA,NA,NA,NA
3772,NA,NA,NA,1,1732,1,NA,NA,NA
3846,NA,NA,NA,1,1608,1,NA,NA,NA
3929,3,13708,5,NA,NA,NA,NA,NA,NA
4043,1,2729,1,NA,NA,NA,NA,NA,NA
4121,2,4288,2,NA,NA,NA,2,4523,2
4141,NA,NA,NA,1,12476,3,NA,NA,NA
4328,NA,NA,NA,NA,NA,NA,1,2014,1
4377,NA,NA,NA,NA,NA,NA,1,3588,1
4473,NA,NA,NA,1,2144,1,NA,NA,NA
4595,2,4678,2,NA,NA,NA,1,2209,1
4675,1,2404,1,2,4743,2,NA,NA,NA
5049,1,2469,1,NA,NA,NA,1,2014,1
5397,NA,NA,NA,1,5756,2,2,3938,2
5494,NA,NA,NA,NA,NA,NA,1,1754,1
5633,NA,NA,NA,1,1624,1,NA,NA,NA
5868,NA,NA,NA,NA,NA,NA,1,1819,1
5977,1,926,1,3,6627,3,NA,NA,NA
6006,NA,NA,NA,1,2404,1,1,1884,1
6014,1,1754,1,NA,NA,NA,NA,NA,NA
6033,1,2209,1,NA,NA,NA,NA,NA,NA
6085,NA,NA,NA,2,4182,2,NA,NA,NA
6114,NA,NA,NA,1,1856,1,NA,NA,NA
6268,NA,NA,NA,NA,NA,NA,1,1949,1
6284,1,2339,1,1,1888,1,1,1888,1
6317,NA,NA,NA,1,6757,2,NA,NA,NA
6513,1,2924,1,NA,NA,NA,1,3054,1
6636,NA,NA,NA,NA,NA,NA,1,1704,1
6845,NA,NA,NA,2,3118,2,NA,NA,NA
6892,NA,NA,NA,1,1949,1,NA,NA,NA
6963,NA,NA,NA,NA,NA,NA,1,3509,1
6989,1,2209,1,NA,NA,NA,NA,NA,NA
7105,NA,NA,NA,1,2816,1,NA,NA,NA
7121,1,2079,1,NA,NA,NA,NA,NA,NA
7282,1,2469,1,NA,NA,NA,NA,NA,NA
7310,NA,NA,NA,1,4417,2,NA,NA,NA
7326,2,3768,2,NA,NA,NA,NA,NA,NA
7412,2,7668,2,NA,NA,NA,NA,NA,NA
7443,NA,NA,NA,1,3054,1,NA,NA,NA
7519,NA,NA,NA,NA,NA,NA,2,10140,3
7592,NA,NA,NA,3,6237,3,NA,NA,NA
7701,1,3574,1,NA,NA,NA,NA,NA,NA
7731,1,1949,1,1,2014,1,2,4093,2
7845,NA,NA,NA,1,2011,1,NA,NA,NA
7936,1,2729,1,NA,NA,NA,NA,NA,NA
7970,2,3768,2,2,3313,2,1,1624,1
7971,3,9747,3,NA,NA,NA,NA,NA,NA
8066,1,1949,1,2,3638,2,NA,NA,NA
8240,1,28882,13,NA,NA,NA,NA,NA,NA
8244,1,1949,1,NA,NA,NA,NA,NA,NA
8353,1,1949,1,1,1819,1,2,3188,2
8380,1,1624,1,2,13318,6,NA,NA,NA
8605,1,2144,1,NA,NA,NA,1,2339,1
8611,NA,NA,NA,1,5847,2,NA,NA,NA
8656,NA,NA,NA,NA,NA,NA,3,8057,3
8680,NA,NA,NA,1,6934,3,NA,NA,NA
8704,NA,NA,NA,2,5068,2,5,31508,16
8760,1,2469,1,1,2729,1,1,7601,3
8861,1,2144,1,NA,NA,NA,NA,NA,NA
8864,NA,NA,NA,1,2664,1,1,1676,1
8873,1,7371,5,NA,NA,NA,NA,NA,NA
8875,1,2092,1,NA,NA,NA,NA,NA,NA
9065,NA,NA,NA,1,7149,3,NA,NA,NA
9108,NA,NA,NA,1,2469,1,NA,NA,NA
9133,1,2404,1,1,7233,2,1,2014,1
9187,NA,NA,NA,1,3379,1,NA,NA,NA
9197,2,6274,2,2,12235,4,1,1906,1
9198,1,4354,1,NA,NA,NA,NA,NA,NA
9298,NA,NA,NA,NA,NA,NA,1,2859,1
9330,NA,NA,NA,2,6658,2,3,14097,5
9338,1,3574,1,NA,NA,NA,NA,NA,NA
9354,NA,NA,NA,NA,NA,NA,1,5977,2
9386,NA,NA,NA,NA,NA,NA,1,2014,1
9560,NA,NA,NA,1,1364,1,NA,NA,NA
9634,NA,NA,NA,NA,NA,NA,1,2209,1
9671,1,4324,2,NA,NA,NA,NA,NA,NA
9732,NA,NA,NA,NA,NA,NA,1,8317,2
9858,NA,NA,NA,4,7703,4,2,8703,6
9894,NA,NA,NA,1,2989,1,NA,NA,NA
10015,NA,NA,NA,NA,NA,NA,3,14424,5
10067,NA,NA,NA,NA,NA,NA,1,2144,1
10362,NA,NA,NA,3,5652,3,4,8814,4
10444,NA,NA,NA,NA,NA,NA,1,3184,1
10453,3,9028,5,NA,NA,NA,NA,NA,NA
10629,NA,NA,NA,2,4288,2,1,1039,1
10757,NA,NA,NA,1,3184,1,NA,NA,NA
10815,NA,NA,NA,1,4157,2,NA,NA,NA
10965,NA,NA,NA,3,7281,3,NA,NA,NA
11025,NA,NA,NA,2,3963,2,NA,NA,NA
11069,NA,NA,NA,NA,NA,NA,2,6043,2
11199,NA,NA,NA,NA,NA,NA,1,2083,1
11332,1,11692,6,NA,NA,NA,NA,NA,NA
11342,2,12992,5,NA,NA,NA,NA,NA,NA
11404,1,1819,1,NA,NA,NA,NA,NA,NA
11659,1,6237,2,NA,NA,NA,NA,NA,NA
11665,NA,NA,NA,NA,NA,NA,1,1884,1
11800,NA,NA,NA,NA,NA,NA,1,1949,1
11931,NA,NA,NA,NA,NA,NA,1,1899,1
11989,NA,NA,NA,NA,NA,NA,1,2924,1
12023,1,2794,1,NA,NA,NA,NA,NA,NA
12114,NA,NA,NA,1,2491,1,NA,NA,NA
12255,4,18336,9,NA,NA,NA,NA,NA,NA
12340,NA,NA,NA,NA,NA,NA,2,11239,4
12354,NA,NA,NA,NA,NA,NA,1,3184,1
12377,NA,NA,NA,1,11565,4,1,6042,2
12484,NA,NA,NA,1,2534,1,NA,NA,NA
12485,1,2209,1,NA,NA,NA,2,8054,4
12781,1,3119,1,NA,NA,NA,NA,NA,NA
12790,NA,NA,NA,1,4116,2,NA,NA,NA
13060,NA,NA,NA,1,2404,1,NA,NA,NA
13091,2,3378,2,NA,NA,NA,5,9114,5
13131,1,2144,1,NA,NA,NA,NA,NA,NA
13138,NA,NA,NA,NA,NA,NA,1,1949,1
13139,3,6432,3,NA,NA,NA,NA,NA,NA
13209,1,4939,1,NA,NA,NA,NA,NA,NA
13359,NA,NA,NA,1,1888,1,NA,NA,NA
13378,3,5554,3,2,5029,2,NA,NA,NA
13380,NA,NA,NA,1,1976,1,NA,NA,NA
13402,1,6562,2,NA,NA,NA,NA,NA,NA
13601,1,3054,1,NA,NA,NA,NA,NA,NA
13605,NA,NA,NA,1,2204,1,NA,NA,NA
13678,NA,NA,NA,1,6564,1,NA,NA,NA
13793,1,2339,1,NA,NA,NA,NA,NA,NA
13794,1,4874,1,NA,NA,NA,NA,NA,NA
13846,NA,NA,NA,NA,NA,NA,1,2729,1
13951,3,8575,4,1,3442,2,2,4481,3
13959,1,8637,4,NA,NA,NA,1,2192,1
13982,NA,NA,NA,NA,NA,NA,1,2664,1
14120,1,2274,1,NA,NA,NA,NA,NA,NA
14499,1,59254,20,1,1429,1,NA,NA,NA
14557,NA,NA,NA,3,22610,6,NA,NA,NA
14601,3,6042,3,NA,NA,NA,2,4743,2
14623,1,2726,1,NA,NA,NA,NA,NA,NA
14674,NA,NA,NA,1,2508,1,NA,NA,NA
14687,1,1819,1,NA,NA,NA,NA,NA,NA
14708,NA,NA,NA,1,4807,2,NA,NA,NA
14742,1,6044,1,NA,NA,NA,NA,NA,NA
14755,1,1429,1,NA,NA,NA,NA,NA,NA
14778,1,11307,2,1,7406,3,NA,NA,NA
14874,NA,NA,NA,1,12735,4,NA,NA,NA
14876,NA,NA,NA,NA,NA,NA,1,2590,2
14942,NA,NA,NA,NA,NA,NA,1,10395,4
15037,1,1884,1,NA,NA,NA,NA,NA,NA
15169,NA,NA,NA,NA,NA,NA,4,25172,10
15300,1,3119,1,NA,NA,NA,NA,NA,NA
15445,2,9488,2,NA,NA,NA,2,6238,2
15447,NA,NA,NA,3,5192,3,2,6169,3
15533,1,3901,1,NA,NA,NA,NA,NA,NA
15573,NA,NA,NA,1,2404,1,NA,NA,NA
15620,NA,NA,NA,1,1949,1,NA,NA,NA
15656,1,10267,2,NA,NA,NA,NA,NA,NA
15767,1,3574,1,NA,NA,NA,NA,NA,NA
15775,1,2209,1,NA,NA,NA,NA,NA,NA
15841,NA,NA,NA,NA,NA,NA,1,3767,2
15900,3,5240,3,1,2209,1,NA,NA,NA
15976,NA,NA,NA,NA,NA,NA,1,2460,1
16015,1,1457,1,NA,NA,NA,NA,NA,NA
16173,1,1494,1,NA,NA,NA,NA,NA,NA
16238,NA,NA,NA,NA,NA,NA,1,5197,2
16277,1,27937,7,NA,NA,NA,NA,NA,NA
16287,1,2192,1,NA,NA,NA,NA,NA,NA
16292,1,2404,1,NA,NA,NA,NA,NA,NA
16566,1,6755,3,NA,NA,NA,NA,NA,NA
16603,NA,NA,NA,1,3314,1,NA,NA,NA
16744,1,2339,1,NA,NA,NA,NA,NA,NA
16808,2,7794,4,NA,NA,NA,NA,NA,NA
16812,NA,NA,NA,1,1392,1,NA,NA,NA
16954,NA,NA,NA,1,6513,3,NA,NA,NA
16959,NA,NA,NA,1,2144,1,NA,NA,NA
17049,NA,NA,NA,NA,NA,NA,1,2924,1
17092,NA,NA,NA,1,2144,1,NA,NA,NA
17106,NA,NA,NA,1,2079,1,NA,NA,NA
17344,1,4352,2,NA,NA,NA,NA,NA,NA
17641,1,1884,1,NA,NA,NA,NA,NA,NA
17715,NA,NA,NA,NA,NA,NA,1,3120,1
17746,1,6620,2,NA,NA,NA,NA,NA,NA
17784,NA,NA,NA,1,7277,2,NA,NA,NA
17865,NA,NA,NA,NA,NA,NA,1,3444,1
17878,1,2484,1,NA,NA,NA,NA,NA,NA
17980,NA,NA,NA,2,6382,2,NA,NA,NA
18009,1,2014,1,NA,NA,NA,NA,NA,NA
18139,NA,NA,NA,1,2664,1,NA,NA,NA
18226,1,10135,4,NA,NA,NA,NA,NA,NA
18261,NA,NA,NA,1,2014,1,NA,NA,NA
18314,1,2534,1,NA,NA,NA,NA,NA,NA
18465,NA,NA,NA,NA,NA,NA,1,2469,1
18521,NA,NA,NA,NA,NA,NA,1,2274,1
18527,1,4807,2,NA,NA,NA,NA,NA,NA
18586,NA,NA,NA,NA,NA,NA,1,7176,2
18625,NA,NA,NA,NA,NA,NA,1,4521,2
18934,NA,NA,NA,1,3054,1,NA,NA,NA
18979,1,4679,1,NA,NA,NA,1,5541,2
19017,4,17806,4,NA,NA,NA,NA,NA,NA
19130,1,3812,2,NA,NA,NA,NA,NA,NA
19221,NA,NA,NA,NA,NA,NA,1,2209,1
19246,NA,NA,NA,NA,NA,NA,1,45360,11
19274,NA,NA,NA,NA,NA,NA,1,10979,3
19309,NA,NA,NA,1,4157,2,NA,NA,NA
19363,NA,NA,NA,NA,NA,NA,1,2599,1
19531,1,10787,2,NA,NA,NA,NA,NA,NA
19536,4,8511,4,NA,NA,NA,2,4060,2
19588,NA,NA,NA,1,2469,1,NA,NA,NA
19760,NA,NA,NA,1,1888,1,NA,NA,NA
19783,NA,NA,NA,1,2794,1,NA,NA,NA
19795,NA,NA,NA,1,1888,1,NA,NA,NA
19943,NA,NA,NA,1,3574,1,NA,NA,NA
19960,NA,NA,NA,NA,NA,NA,1,5004,1
19964,1,4547,2,NA,NA,NA,NA,NA,NA
19988,NA,NA,NA,NA,NA,NA,1,1477,1
20003,NA,NA,NA,1,1624,1,NA,NA,NA
20026,3,7992,3,NA,NA,NA,NA,NA,NA
20133,2,5718,2,NA,NA,NA,1,2339,1
20154,1,3184,1,NA,NA,NA,NA,NA,NA
20223,NA,NA,NA,1,1993,1,NA,NA,NA
20319,NA,NA,NA,1,13056,7,NA,NA,NA
20387,NA,NA,NA,NA,NA,NA,1,9617,2
20408,1,2534,1,NA,NA,NA,NA,NA,NA
20597,1,11955,4,1,8576,3,NA,NA,NA
20754,NA,NA,NA,1,2664,1,NA,NA,NA
20855,NA,NA,NA,2,5068,2,NA,NA,NA
20992,NA,NA,NA,NA,NA,NA,1,2079,1
21016,1,2599,1,NA,NA,NA,NA,NA,NA
21052,2,4028,2,NA,NA,NA,NA,NA,NA
21072,NA,NA,NA,NA,NA,NA,1,1970,1
21152,1,2014,1,1,2129,1,NA,NA,NA
21196,NA,NA,NA,NA,NA,NA,2,4399,2
21219,NA,NA,NA,1,5717,2,NA,NA,NA
21366,NA,NA,NA,1,5199,1,NA,NA,NA
21418,1,1689,1,NA,NA,NA,1,1949,1
21595,2,5458,2,NA,NA,NA,NA,NA,NA
21651,NA,NA,NA,NA,NA,NA,1,7145,3
21661,NA,NA,NA,NA,NA,NA,1,2766,1
21667,1,3224,2,NA,NA,NA,NA,NA,NA
21694,3,6757,3,NA,NA,NA,1,2404,1
21716,2,11308,2,2,11178,2,1,6369,1
21854,2,6343,3,2,4094,2,NA,NA,NA
21954,NA,NA,NA,NA,NA,NA,1,1993,1
22257,1,3444,1,NA,NA,NA,NA,NA,NA
22380,NA,NA,NA,NA,NA,NA,1,2404,1
22534,NA,NA,NA,NA,NA,NA,3,15614,7
22782,NA,NA,NA,1,2209,1,NA,NA,NA
22844,NA,NA,NA,1,2664,1,NA,NA,NA
22852,NA,NA,NA,1,2534,1,NA,NA,NA
22963,2,4093,2,2,4548,2,2,4743,2
23250,1,2014,1,NA,NA,NA,NA,NA,NA
23393,NA,NA,NA,1,4679,1,NA,NA,NA
23457,1,2274,1,NA,NA,NA,NA,NA,NA
23493,NA,NA,NA,1,2370,1,1,2404,1
23503,1,2859,1,NA,NA,NA,2,4743,2
23689,NA,NA,NA,1,4287,2,NA,NA,NA
23705,1,7472,2,NA,NA,NA,NA,NA,NA
23806,2,3704,2,NA,NA,NA,NA,NA,NA
23899,NA,NA,NA,NA,NA,NA,1,2274,1
23913,3,9032,3,NA,NA,NA,NA,NA,NA
24154,NA,NA,NA,1,2729,1,NA,NA,NA
24582,1,1949,1,1,4966,2,1,2859,1
24587,NA,NA,NA,1,1754,1,NA,NA,NA
24613,1,4159,1,NA,NA,NA,NA,NA,NA
24749,NA,NA,NA,1,2192,1,NA,NA,NA
24838,1,2209,1,NA,NA,NA,NA,NA,NA
24964,NA,NA,NA,1,2079,1,NA,NA,NA
25162,NA,NA,NA,NA,NA,NA,1,3509,1
25479,1,2729,1,NA,NA,NA,3,13514,5
25734,NA,NA,NA,1,2989,1,NA,NA,NA
25797,NA,NA,NA,NA,NA,NA,1,4677,2
25812,NA,NA,NA,1,3769,1,NA,NA,NA
25876,NA,NA,NA,2,17934,4,1,2144,1
25889,NA,NA,NA,NA,NA,NA,1,2924,1
26072,1,3897,2,NA,NA,NA,NA,NA,NA
26179,1,2101,1,NA,NA,NA,NA,NA,NA
26389,NA,NA,NA,3,7927,3,4,9031,4
26536,2,8054,5,NA,NA,NA,NA,NA,NA
26820,1,2274,1,NA,NA,NA,NA,NA,NA
26860,NA,NA,NA,1,2469,1,NA,NA,NA
26893,NA,NA,NA,NA,NA,NA,1,1559,1
27112,NA,NA,NA,1,6237,2,NA,NA,NA
27204,3,14945,4,NA,NA,NA,NA,NA,NA
27291,1,2729,1,NA,NA,NA,NA,NA,NA
27328,NA,NA,NA,1,14360,3,NA,NA,NA
27435,NA,NA,NA,1,5197,2,NA,NA,NA
27465,NA,NA,NA,1,5134,1,NA,NA,NA
27492,NA,NA,NA,1,2794,1,5,9980,5
27527,NA,NA,NA,2,3833,2,NA,NA,NA
27876,NA,NA,NA,1,2283,1,NA,NA,NA
27905,NA,NA,NA,1,2664,1,1,3986,1
28143,2,27288,9,NA,NA,NA,NA,NA,NA
28245,NA,NA,NA,NA,NA,NA,1,14555,4
28412,NA,NA,NA,NA,NA,NA,1,2014,1
28523,NA,NA,NA,NA,NA,NA,1,2274,1
28584,1,2209,1,NA,NA,NA,NA,NA,NA
28621,NA,NA,NA,1,3466,1,NA,NA,NA
28805,1,2859,1,NA,NA,NA,NA,NA,NA
28914,1,1732,1,NA,NA,NA,NA,NA,NA
29124,1,2144,1,NA,NA,NA,NA,NA,NA
29269,NA,NA,NA,NA,NA,NA,3,6530,4
29563,1,6776,4,NA,NA,NA,NA,NA,NA
29619,1,2534,1,NA,NA,NA,NA,NA,NA
29627,3,6159,3,NA,NA,NA,NA,NA,NA
29684,3,13387,3,NA,NA,NA,NA,NA,NA
29704,NA,NA,NA,NA,NA,NA,1,1754,1
29885,1,4354,1,NA,NA,NA,NA,NA,NA
30453,NA,NA,NA,2,8052,5,NA,NA,NA
30499,NA,NA,NA,1,10587,4,NA,NA,NA
30578,NA,NA,NA,NA,NA,NA,1,1868,1
30671,1,2209,1,NA,NA,NA,NA,NA,NA
30752,NA,NA,NA,NA,NA,NA,1,2534,1
30922,NA,NA,NA,1,9617,2,NA,NA,NA
30923,NA,NA,NA,NA,NA,NA,1,21700,6
30963,1,2209,1,2,5653,2,NA,NA,NA
30990,NA,NA,NA,1,1884,1,NA,NA,NA
30995,1,2404,1,NA,NA,NA,NA,NA,NA
30999,1,1949,1,NA,NA,NA,NA,NA,NA
31136,NA,NA,NA,1,2664,1,1,1594,1
31316,NA,NA,NA,1,2209,1,1,2469,1
31412,NA,NA,NA,1,2029,1,1,1949,1
31449,1,2469,1,2,21951,8,NA,NA,NA
31583,NA,NA,NA,1,3834,1,NA,NA,NA
31960,1,7180,3,NA,NA,NA,NA,NA,NA
31994,NA,NA,NA,NA,NA,NA,2,11174,4
32005,NA,NA,NA,1,1884,1,NA,NA,NA
32189,NA,NA,NA,1,2596,1,NA,NA,NA
32390,1,13256,3,NA,NA,NA,NA,NA,NA
32581,NA,NA,NA,1,3448,2,NA,NA,NA
32661,NA,NA,NA,1,2506,1,NA,NA,NA
32718,NA,NA,NA,NA,NA,NA,1,1689,1
32772,NA,NA,NA,1,3507,2,NA,NA,NA
32837,2,4353,2,NA,NA,NA,NA,NA,NA
32986,1,1559,1,NA,NA,NA,NA,NA,NA
33021,1,2252,1,1,2924,1,NA,NA,NA
33086,NA,NA,NA,1,2794,1,NA,NA,NA
33092,NA,NA,NA,NA,NA,NA,1,2729,1
33193,1,2648,1,NA,NA,NA,NA,NA,NA
33288,1,2599,1,NA,NA,NA,NA,NA,NA
33359,1,3054,1,NA,NA,NA,NA,NA,NA
33493,2,6756,3,NA,NA,NA,2,5263,2
33558,NA,NA,NA,1,4360,2,1,1560,1
33581,1,2363,1,1,2729,1,NA,NA,NA
33657,NA,NA,NA,1,2469,1,NA,NA,NA
33824,2,5588,2,1,2534,1,NA,NA,NA
33838,NA,NA,NA,NA,NA,NA,2,7798,2
33926,1,2469,1,2,5198,2,NA,NA,NA
33945,2,10784,4,NA,NA,NA,NA,NA,NA
33978,1,4874,1,NA,NA,NA,1,8705,4
34066,NA,NA,NA,NA,NA,NA,1,2100,1
34224,NA,NA,NA,1,3249,1,NA,NA,NA
34633,1,3205,1,NA,NA,NA,NA,NA,NA
34654,2,4418,2,NA,NA,NA,NA,NA,NA
34712,1,3899,1,1,4224,1,NA,NA,NA
35093,NA,NA,NA,NA,NA,NA,1,7344,3
35242,NA,NA,NA,NA,NA,NA,1,1754,1
35292,1,3834,1,NA,NA,NA,NA,NA,NA
35354,2,13066,5,NA,NA,NA,NA,NA,NA
35610,1,2079,1,NA,NA,NA,NA,NA,NA
35729,2,4532,2,NA,NA,NA,NA,NA,NA
35737,NA,NA,NA,1,2079,1,NA,NA,NA
35857,1,14621,3,NA,NA,NA,NA,NA,NA
35923,1,1665,1,NA,NA,NA,NA,NA,NA
36096,NA,NA,NA,1,10721,3,NA,NA,NA
36152,NA,NA,NA,2,3948,2,NA,NA,NA
36632,NA,NA,NA,NA,NA,NA,1,3812,2
36635,NA,NA,NA,2,8094,3,NA,NA,NA
36718,1,2794,1,NA,NA,NA,NA,NA,NA
36787,1,2284,1,NA,NA,NA,NA,NA,NA
36818,1,4417,2,NA,NA,NA,NA,NA,NA
36923,NA,NA,NA,NA,NA,NA,2,6173,2
37146,NA,NA,NA,NA,NA,NA,1,5048,1
37171,NA,NA,NA,1,1689,1,NA,NA,NA
37363,1,13644,5,NA,NA,NA,NA,NA,NA
37423,2,12689,5,2,14212,6,NA,NA,NA
37618,NA,NA,NA,2,8708,2,NA,NA,NA
37622,NA,NA,NA,1,8057,2,NA,NA,NA
37827,NA,NA,NA,1,12475,4,NA,NA,NA
37981,3,5912,3,NA,NA,NA,1,2014,1
38109,1,1212,1,NA,NA,NA,NA,NA,NA
38145,NA,NA,NA,1,2469,1,NA,NA,NA
38733,1,21055,4,NA,NA,NA,NA,NA,NA
38803,2,12992,5,NA,NA,NA,NA,NA,NA
38832,NA,NA,NA,1,1386,1,NA,NA,NA
38837,NA,NA,NA,1,2989,1,NA,NA,NA
38870,1,2924,1,NA,NA,NA,NA,NA,NA
39047,NA,NA,NA,NA,NA,NA,2,6368,2
39669,NA,NA,NA,NA,NA,NA,1,16634,3
39744,1,2924,1,NA,NA,NA,NA,NA,NA
39801,NA,NA,NA,NA,NA,NA,1,1884,1
39916,NA,NA,NA,NA,NA,NA,2,3664,2
40035,1,2014,1,NA,NA,NA,NA,NA,NA
40124,NA,NA,NA,NA,NA,NA,1,2461,1
40129,NA,NA,NA,NA,NA,NA,1,1949,1
40151,1,3247,2,NA,NA,NA,NA,NA,NA
40182,1,3588,1,NA,NA,NA,NA,NA,NA
40195,NA,NA,NA,1,2274,1,NA,NA,NA
40671,1,1949,1,NA,NA,NA,NA,NA,NA
40906,NA,NA,NA,1,2573,1,NA,NA,NA
40981,NA,NA,NA,1,5719,1,1,3119,1
41023,NA,NA,NA,1,3444,1,NA,NA,NA
41034,NA,NA,NA,1,2339,1,1,7732,2
41043,NA,NA,NA,2,8188,2,NA,NA,NA
41098,NA,NA,NA,NA,NA,NA,1,2014,1
41279,NA,NA,NA,NA,NA,NA,1,3509,1
41471,4,9421,4,NA,NA,NA,1,2339,1
41627,NA,NA,NA,1,2079,1,1,2306,1
41757,NA,NA,NA,NA,NA,NA,1,3509,1
41895,NA,NA,NA,1,2796,1,NA,NA,NA
42287,NA,NA,NA,1,2144,1,NA,NA,NA
42304,1,7406,3,NA,NA,NA,NA,NA,NA
42387,3,11353,5,NA,NA,NA,1,2568,1
42484,NA,NA,NA,NA,NA,NA,1,1949,1
42513,NA,NA,NA,1,2274,1,NA,NA,NA
42520,NA,NA,NA,1,2144,1,NA,NA,NA
42531,1,1949,1,NA,NA,NA,NA,NA,NA
42551,1,1884,1,NA,NA,NA,NA,NA,NA
42741,2,7666,3,NA,NA,NA,1,2729,1
42849,NA,NA,NA,1,2144,1,NA,NA,NA
42878,1,19297,6,NA,NA,NA,NA,NA,NA
43107,NA,NA,NA,2,9683,2,1,4419,1
43285,NA,NA,NA,NA,NA,NA,1,2339,1
43287,1,2014,1,NA,NA,NA,1,1949,1
43374,1,6201,2,NA,NA,NA,NA,NA,NA
43432,NA,NA,NA,NA,NA,NA,1,5590,2
43500,2,16701,3,NA,NA,NA,NA,NA,NA
43523,1,2989,1,NA,NA,NA,NA,NA,NA
43620,NA,NA,NA,1,5717,2,NA,NA,NA
43827,1,4354,1,NA,NA,NA,NA,NA,NA
43860,NA,NA,NA,1,2558,1,NA,NA,NA
43903,1,1494,1,NA,NA,NA,NA,NA,NA
43966,NA,NA,NA,1,1685,1,NA,NA,NA
44047,1,17155,4,NA,NA,NA,NA,NA,NA
44087,NA,NA,NA,1,18455,4,NA,NA,NA
44138,NA,NA,NA,NA,NA,NA,1,2209,1
44199,1,2274,1,1,2274,1,NA,NA,NA
44291,2,3898,2,1,2144,1,NA,NA,NA
44356,2,4418,2,1,2404,1,NA,NA,NA
44371,1,2339,1,NA,NA,NA,NA,NA,NA
44490,1,5719,1,NA,NA,NA,NA,NA,NA
45089,1,1884,1,1,1732,1,NA,NA,NA
45090,NA,NA,NA,1,5654,1,NA,NA,NA
45318,NA,NA,NA,1,2794,1,NA,NA,NA
45386,NA,NA,NA,1,1977,1,NA,NA,NA
45412,5,12800,5,2,4808,2,NA,NA,NA
45445,1,1884,1,NA,NA,NA,NA,NA,NA
45569,NA,NA,NA,2,4808,2,NA,NA,NA
45602,NA,NA,NA,2,5978,2,NA,NA,NA
45625,1,1819,1,NA,NA,NA,NA,NA,NA
45644,2,10784,4,1,6821,3,2,9160,4
45817,NA,NA,NA,1,4287,2,NA,NA,NA
45876,NA,NA,NA,1,2144,1,NA,NA,NA
45972,NA,NA,NA,1,4419,1,NA,NA,NA
46095,NA,NA,NA,1,29375,12,NA,NA,NA
46097,NA,NA,NA,1,5132,2,NA,NA,NA
46140,1,12995,4,1,2469,1,NA,NA,NA
46167,1,6757,2,1,6107,2,NA,NA,NA
46174,NA,NA,NA,NA,NA,NA,1,2794,1
46179,NA,NA,NA,1,2144,1,NA,NA,NA
46268,1,1893,1,NA,NA,NA,NA,NA,NA
46373,1,2729,1,NA,NA,NA,NA,NA,NA
46434,NA,NA,NA,1,7602,2,NA,NA,NA
46444,NA,NA,NA,1,11435,4,NA,NA,NA
46608,1,3271,1,NA,NA,NA,NA,NA,NA
46697,1,2209,1,NA,NA,NA,NA,NA,NA
46857,NA,NA,NA,1,3851,1,NA,NA,NA
46975,NA,NA,NA,NA,NA,NA,1,2106,1
46976,NA,NA,NA,1,5134,1,1,5654,1
47054,NA,NA,NA,1,2209,1,NA,NA,NA
47195,NA,NA,NA,NA,NA,NA,3,5631,3
47251,NA,NA,NA,NA,NA,NA,2,8518,3
47276,NA,NA,NA,1,3229,1,NA,NA,NA
47342,NA,NA,NA,2,11692,5,NA,NA,NA
47396,NA,NA,NA,1,10135,4,NA,NA,NA
47628,NA,NA,NA,NA,NA,NA,2,4299,2
47695,NA,NA,NA,1,2469,1,NA,NA,NA
47827,NA,NA,NA,NA,NA,NA,1,2491,1
47942,2,3508,2,NA,NA,NA,NA,NA,NA
47963,1,2209,1,2,4186,2,NA,NA,NA
48070,NA,NA,NA,NA,NA,NA,1,2729,1
48403,NA,NA,NA,1,2989,1,NA,NA,NA
48615,1,3314,1,NA,NA,NA,NA,NA,NA
48657,NA,NA,NA,1,2857,2,NA,NA,NA
48663,NA,NA,NA,NA,NA,NA,1,3055,1
48699,2,15141,3,NA,NA,NA,NA,NA,NA
48802,NA,NA,NA,1,3054,1,NA,NA,NA
48864,NA,NA,NA,NA,NA,NA,1,37166,11
48935,1,1949,1,NA,NA,NA,NA,NA,NA
49071,NA,NA,NA,NA,NA,NA,2,31192,6
49194,NA,NA,NA,1,1872,1,NA,NA,NA
49431,1,2469,1,NA,NA,NA,NA,NA,NA
49442,2,4223,2,NA,NA,NA,NA,NA,NA
49454,NA,NA,NA,1,2582,1,NA,NA,NA
49619,2,12474,4,NA,NA,NA,NA,NA,NA
49800,NA,NA,NA,1,2209,1,NA,NA,NA
50009,NA,NA,NA,1,7602,2,NA,NA,NA
50174,2,5517,2,NA,NA,NA,NA,NA,NA
50187,NA,NA,NA,1,2794,1,NA,NA,NA
50396,NA,NA,NA,1,3899,1,NA,NA,NA
50419,2,12212,5,NA,NA,NA,NA,NA,NA
50471,NA,NA,NA,1,3119,1,NA,NA,NA
50501,NA,NA,NA,1,5145,2,NA,NA,NA
50594,NA,NA,NA,1,1949,1,NA,NA,NA
50628,1,3704,1,NA,NA,NA,NA,NA,NA
50641,1,3444,1,NA,NA,NA,NA,NA,NA
50869,2,5092,2,NA,NA,NA,NA,NA,NA
50900,1,2729,1,NA,NA,NA,NA,NA,NA
50932,NA,NA,NA,NA,NA,NA,1,15486,4
50957,NA,NA,NA,1,2599,1,NA,NA,NA
50981,NA,NA,NA,1,2664,1,NA,NA,NA
51009,NA,NA,NA,NA,NA,NA,1,5837,2
51037,NA,NA,NA,NA,NA,NA,1,1429,1
51090,NA,NA,NA,1,2035,1,NA,NA,NA
51367,NA,NA,NA,1,5004,1,1,2802,1
51469,NA,NA,NA,NA,NA,NA,1,2859,1
51525,NA,NA,NA,1,11887,4,NA,NA,NA
51963,NA,NA,NA,2,3378,2,NA,NA,NA
51987,3,5912,3,NA,NA,NA,1,2014,1
52262,NA,NA,NA,1,2274,1,NA,NA,NA
52281,NA,NA,NA,NA,NA,NA,3,9353,5
52445,1,2079,1,NA,NA,NA,1,2144,1
52447,NA,NA,NA,1,2136,1,NA,NA,NA
52458,NA,NA,NA,NA,NA,NA,1,11166,7
52555,NA,NA,NA,1,1689,1,NA,NA,NA
52617,NA,NA,NA,1,5327,2,1,5392,2
52680,NA,NA,NA,2,22353,6,NA,NA,NA
52787,1,1754,1,NA,NA,NA,NA,NA,NA
52795,NA,NA,NA,NA,NA,NA,1,3509,1
52850,NA,NA,NA,1,14149,4,NA,NA,NA
53008,NA,NA,NA,2,6628,2,1,3314,1
53022,1,1856,1,NA,NA,NA,NA,NA,NA
53047,NA,NA,NA,NA,NA,NA,1,1624,1
53257,NA,NA,NA,NA,NA,NA,1,2469,1
53581,NA,NA,NA,NA,NA,NA,1,2924,1
53934,1,2274,1,NA,NA,NA,NA,NA,NA
53976,1,2209,1,NA,NA,NA,NA,NA,NA
54065,NA,NA,NA,2,4678,2,1,2144,1
54134,NA,NA,NA,1,2274,1,NA,NA,NA
54218,NA,NA,NA,2,4743,2,NA,NA,NA
54504,NA,NA,NA,1,7796,3,NA,NA,NA
54558,1,1689,1,NA,NA,NA,NA,NA,NA
54699,NA,NA,NA,NA,NA,NA,1,1715,1
54842,NA,NA,NA,NA,NA,NA,2,44314,8
55090,1,1949,1,NA,NA,NA,NA,NA,NA
55143,4,28517,10,2,7018,2,NA,NA,NA
55188,NA,NA,NA,NA,NA,NA,1,3769,1
55271,1,2188,1,NA,NA,NA,NA,NA,NA
55369,1,7927,2,NA,NA,NA,2,7534,4
55384,NA,NA,NA,1,6367,2,NA,NA,NA
55389,NA,NA,NA,NA,NA,NA,1,2285,1
55452,NA,NA,NA,2,9094,4,NA,NA,NA
55490,NA,NA,NA,NA,NA,NA,1,6236,3
55529,NA,NA,NA,NA,NA,NA,2,13774,4
55556,NA,NA,NA,1,2339,1,NA,NA,NA
55575,NA,NA,NA,1,3184,1,NA,NA,NA
55576,NA,NA,NA,1,1949,1,NA,NA,NA
55660,NA,NA,NA,NA,NA,NA,1,1689,1
55794,NA,NA,NA,NA,NA,NA,1,1364,1
55815,NA,NA,NA,1,2469,1,NA,NA,NA
56000,NA,NA,NA,1,7734,3,NA,NA,NA
56281,NA,NA,NA,NA,NA,NA,1,21509,3
56421,1,2339,1,NA,NA,NA,NA,NA,NA
56558,1,3574,1,NA,NA,NA,1,3285,1
56630,1,9357,2,NA,NA,NA,NA,NA,NA
56694,2,5133,2,1,3444,1,NA,NA,NA
56894,NA,NA,NA,2,5263,2,2,4028,2
56905,NA,NA,NA,NA,NA,NA,4,10979,5
57004,NA,NA,NA,1,3286,1,NA,NA,NA
57210,NA,NA,NA,NA,NA,NA,1,3314,1
57335,NA,NA,NA,2,3183,2,NA,NA,NA
57438,NA,NA,NA,1,8575,4,NA,NA,NA
57569,NA,NA,NA,NA,NA,NA,1,9122,3
57573,1,2144,1,NA,NA,NA,NA,NA,NA
57736,NA,NA,NA,NA,NA,NA,3,20320,6
57757,NA,NA,NA,NA,NA,NA,1,8966,3
57801,2,3682,2,11,27975,14,15,31386,15
57835,NA,NA,NA,NA,NA,NA,1,6427,2
57879,1,2794,1,NA,NA,NA,NA,NA,NA
58187,NA,NA,NA,1,2014,1,NA,NA,NA
58198,NA,NA,NA,NA,NA,NA,4,34172,10
58266,NA,NA,NA,NA,NA,NA,1,2339,1
58429,NA,NA,NA,NA,NA,NA,6,71357,37
58754,NA,NA,NA,1,1429,1,NA,NA,NA
58858,NA,NA,NA,2,7861,3,NA,NA,NA
58871,NA,NA,NA,1,2339,1,NA,NA,NA
59024,NA,NA,NA,NA,NA,NA,1,12220,4
59140,NA,NA,NA,NA,NA,NA,1,3769,1
59211,NA,NA,NA,NA,NA,NA,1,2209,1
59358,NA,NA,NA,NA,NA,NA,1,1949,1
59454,3,25147,6,NA,NA,NA,NA,NA,NA
59546,2,6461,2,NA,NA,NA,NA,NA,NA
59634,1,2640,1,NA,NA,NA,NA,NA,NA
59752,NA,NA,NA,NA,NA,NA,1,1689,1
59828,NA,NA,NA,1,3194,1,NA,NA,NA
59866,1,1949,1,1,2014,1,NA,NA,NA
59877,2,4617,2,1,1958,1,NA,NA,NA
59986,NA,NA,NA,1,3054,1,1,2209,1
60132,1,4157,2,1,2267,1,NA,NA,NA
60211,NA,NA,NA,1,2469,1,NA,NA,NA
60231,1,1949,1,NA,NA,NA,NA,NA,NA
60296,NA,NA,NA,NA,NA,NA,1,2859,1
60319,1,3899,1,NA,NA,NA,NA,NA,NA
60327,NA,NA,NA,NA,NA,NA,1,2209,1
60375,NA,NA,NA,NA,NA,NA,1,2469,1
60395,NA,NA,NA,3,5067,3,NA,NA,NA
60406,2,6237,2,NA,NA,NA,NA,NA,NA
60460,1,2404,1,NA,NA,NA,NA,NA,NA
60515,1,2079,1,NA,NA,NA,NA,NA,NA
60557,1,3444,1,NA,NA,NA,NA,NA,NA
60635,NA,NA,NA,1,2209,1,NA,NA,NA
60864,NA,NA,NA,1,10527,2,NA,NA,NA
60998,NA,NA,NA,NA,NA,NA,1,5728,2
61254,1,1949,1,NA,NA,NA,NA,NA,NA
61311,1,2404,1,2,3963,2,1,1884,1
61353,NA,NA,NA,1,2924,1,NA,NA,NA
61396,1,6367,2,NA,NA,NA,NA,NA,NA
61516,NA,NA,NA,NA,NA,NA,1,4126,1
61550,NA,NA,NA,1,6627,2,NA,NA,NA
61602,1,2534,1,NA,NA,NA,NA,NA,NA
61768,2,4219,2,NA,NA,NA,NA,NA,NA
61856,NA,NA,NA,2,13054,6,NA,NA,NA
61890,NA,NA,NA,2,5328,2,NA,NA,NA
61921,1,2209,1,NA,NA,NA,NA,NA,NA
62006,NA,NA,NA,3,13870,6,NA,NA,NA
62098,1,2144,1,NA,NA,NA,NA,NA,NA
62101,1,2192,1,NA,NA,NA,NA,NA,NA
62184,1,2469,1,NA,NA,NA,NA,NA,NA
62188,1,7016,3,NA,NA,NA,4,12279,5
62390,NA,NA,NA,NA,NA,NA,1,2924,1
62527,NA,NA,NA,NA,NA,NA,1,2989,1
62582,NA,NA,NA,NA,NA,NA,1,4937,2
62595,1,21212,6,NA,NA,NA,NA,NA,NA
62642,1,5002,2,NA,NA,NA,NA,NA,NA
62941,NA,NA,NA,NA,NA,NA,1,9355,4
63032,2,4678,2,NA,NA,NA,1,5067,2
63053,NA,NA,NA,NA,NA,NA,1,21631,7
63082,NA,NA,NA,2,4507,2,NA,NA,NA
63372,NA,NA,NA,1,1903,1,NA,NA,NA
63511,NA,NA,NA,NA,NA,NA,1,1912,1
63569,1,1594,1,NA,NA,NA,NA,NA,NA
63731,NA,NA,NA,1,2469,1,NA,NA,NA
63819,2,8949,4,NA,NA,NA,NA,NA,NA
63907,NA,NA,NA,1,2664,1,1,2794,1
63945,NA,NA,NA,NA,NA,NA,1,2200,1
63947,1,1494,1,NA,NA,NA,NA,NA,NA
63953,NA,NA,NA,NA,NA,NA,1,2989,1
64143,NA,NA,NA,1,3704,1,NA,NA,NA
64360,NA,NA,NA,NA,NA,NA,1,2664,1
64380,NA,NA,NA,NA,NA,NA,1,10719,5
64580,NA,NA,NA,NA,NA,NA,1,119629,42
64673,NA,NA,NA,1,4224,1,NA,NA,NA
64784,NA,NA,NA,1,6107,2,NA,NA,NA
64828,NA,NA,NA,NA,NA,NA,4,8912,4
64904,1,2427,1,NA,NA,NA,NA,NA,NA
64956,1,3899,1,NA,NA,NA,NA,NA,NA
65068,NA,NA,NA,NA,NA,NA,1,1624,1
65208,1,5589,1,NA,NA,NA,NA,NA,NA
65242,NA,NA,NA,1,1494,1,NA,NA,NA
65516,NA,NA,NA,1,2144,1,NA,NA,NA
65660,2,8834,5,NA,NA,NA,NA,NA,NA
65796,3,6822,3,NA,NA,NA,NA,NA,NA
65873,1,3119,1,NA,NA,NA,NA,NA,NA
65977,NA,NA,NA,1,3249,1,NA,NA,NA
66097,1,3574,1,NA,NA,NA,NA,NA,NA
66108,NA,NA,NA,1,3119,1,NA,NA,NA
66504,3,24615,7,NA,NA,NA,2,20531,7
66598,NA,NA,NA,1,3184,1,NA,NA,NA
66762,1,3509,1,3,9487,3,4,12801,4
66828,1,4744,1,NA,NA,NA,NA,NA,NA
66896,NA,NA,NA,NA,NA,NA,1,2144,1
66909,NA,NA,NA,NA,NA,NA,1,4389,2
67129,1,7618,4,NA,NA,NA,NA,NA,NA
67277,1,4872,2,NA,NA,NA,NA,NA,NA
67529,NA,NA,NA,1,2664,1,1,1299,1
67635,NA,NA,NA,1,2989,1,NA,NA,NA
67664,1,1884,1,NA,NA,NA,NA,NA,NA
67726,2,6108,2,NA,NA,NA,NA,NA,NA
67743,1,2144,1,NA,NA,NA,2,5523,2
67744,NA,NA,NA,1,1664,1,NA,NA,NA
67747,NA,NA,NA,1,3463,2,NA,NA,NA
67915,NA,NA,NA,NA,NA,NA,1,1912,1
68109,NA,NA,NA,2,3785,2,NA,NA,NA
68127,1,2339,1,NA,NA,NA,NA,NA,NA
68193,1,14035,4,1,8705,4,4,29633,11
68240,1,2005,1,NA,NA,NA,NA,NA,NA
68265,NA,NA,NA,1,2443,1,NA,NA,NA
68688,NA,NA,NA,1,8596,2,NA,NA,NA
68720,NA,NA,NA,1,2339,1,NA,NA,NA
68800,1,6510,2,NA,NA,NA,NA,NA,NA
68866,1,6824,1,NA,NA,NA,NA,NA,NA
68922,1,2339,1,1,2079,1,1,2404,1
69059,NA,NA,NA,1,9747,2,1,10397,2
69073,1,2209,1,NA,NA,NA,NA,NA,NA
69202,NA,NA,NA,1,2469,1,1,2534,1
69332,NA,NA,NA,NA,NA,NA,1,3767,2
69366,1,5522,2,NA,NA,NA,NA,NA,NA
69402,1,2852,1,NA,NA,NA,NA,NA,NA
69450,4,8381,4,NA,NA,NA,NA,NA,NA
69522,NA,NA,NA,1,1936,1,NA,NA,NA
69586,NA,NA,NA,NA,NA,NA,1,2006,1
69610,1,9554,1,NA,NA,NA,NA,NA,NA
69650,NA,NA,NA,NA,NA,NA,1,4091,3
69680,NA,NA,NA,NA,NA,NA,1,3964,1
69723,NA,NA,NA,1,1494,1,NA,NA,NA
69750,3,10332,3,NA,NA,NA,NA,NA,NA
69769,1,3119,1,NA,NA,NA,NA,NA,NA
69807,NA,NA,NA,1,4027,2,NA,NA,NA
69881,NA,NA,NA,1,3379,1,NA,NA,NA
69975,NA,NA,NA,1,1689,1,NA,NA,NA
70196,NA,NA,NA,1,2339,1,NA,NA,NA
70262,NA,NA,NA,NA,NA,NA,1,1169,1
70263,NA,NA,NA,1,3416,1,NA,NA,NA
70558,NA,NA,NA,NA,NA,NA,1,3184,1
70651,NA,NA,NA,NA,NA,NA,3,7992,3
70892,1,2664,1,NA,NA,NA,NA,NA,NA
70944,NA,NA,NA,1,4677,2,NA,NA,NA
71170,1,2987,2,NA,NA,NA,NA,NA,NA
71320,NA,NA,NA,NA,NA,NA,1,2534,1
71338,1,2404,1,NA,NA,NA,NA,NA,NA
71382,2,9159,4,1,4540,2,3,11628,5
71428,1,3899,1,1,7925,3,NA,NA,NA
71704,1,1754,1,1,2144,1,NA,NA,NA
71766,NA,NA,NA,NA,NA,NA,1,1624,1
71800,1,1594,1,1,1386,1,NA,NA,NA
71922,2,8574,4,NA,NA,NA,NA,NA,NA
71982,NA,NA,NA,1,2989,1,NA,NA,NA
71996,1,5457,2,1,17351,3,NA,NA,NA
72025,1,2534,1,NA,NA,NA,NA,NA,NA
72061,NA,NA,NA,2,7018,2,1,3054,1
72165,NA,NA,NA,NA,NA,NA,1,4224,1
72186,NA,NA,NA,1,2327,1,NA,NA,NA
72253,1,3054,1,2,5523,2,NA,NA,NA
72648,1,1949,1,3,6713,3,NA,NA,NA
72656,2,23910,8,NA,NA,NA,NA,NA,NA
72674,1,11384,3,NA,NA,NA,NA,NA,NA
72807,2,6173,2,NA,NA,NA,NA,NA,NA
72844,NA,NA,NA,1,4593,1,1,4159,1
72883,NA,NA,NA,1,2534,1,NA,NA,NA
73006,NA,NA,NA,4,17675,8,NA,NA,NA
73042,1,3897,2,NA,NA,NA,NA,NA,NA
73065,NA,NA,NA,NA,NA,NA,1,2209,1
73181,NA,NA,NA,NA,NA,NA,2,6626,3
73210,NA,NA,NA,1,4354,1,NA,NA,NA
73278,NA,NA,NA,1,1299,1,NA,NA,NA
73651,NA,NA,NA,NA,NA,NA,1,2274,1
73708,1,3588,1,NA,NA,NA,NA,NA,NA
73873,NA,NA,NA,NA,NA,NA,1,19492,6
73902,NA,NA,NA,1,2664,1,NA,NA,NA
74224,NA,NA,NA,NA,NA,NA,1,3964,1
74325,2,3362,2,NA,NA,NA,NA,NA,NA
74343,NA,NA,NA,1,2404,1,NA,NA,NA
74427,NA,NA,NA,2,7731,3,NA,NA,NA
74628,1,3054,1,NA,NA,NA,NA,NA,NA
74653,1,3444,1,2,6628,2,NA,NA,NA
74860,4,9811,4,4,10526,4,3,33975,14
75070,2,4028,2,NA,NA,NA,NA,NA,NA
75121,1,9812,2,NA,NA,NA,NA,NA,NA
75141,NA,NA,NA,1,2274,1,NA,NA,NA
75155,NA,NA,NA,NA,NA,NA,1,1494,1
75173,NA,NA,NA,1,2729,1,NA,NA,NA
75174,NA,NA,NA,NA,NA,NA,1,1299,1
75341,NA,NA,NA,1,3897,2,NA,NA,NA
75795,NA,NA,NA,1,3656,2,NA,NA,NA
75870,2,4567,2,NA,NA,NA,1,2079,1
75928,2,4688,2,NA,NA,NA,NA,NA,NA
75950,1,2079,1,NA,NA,NA,NA,NA,NA
76046,NA,NA,NA,1,3316,1,1,2924,1
76262,NA,NA,NA,1,3588,1,NA,NA,NA
76269,NA,NA,NA,1,7537,2,NA,NA,NA
76337,NA,NA,NA,NA,NA,NA,1,2599,1
76528,NA,NA,NA,NA,NA,NA,1,2794,1
76786,NA,NA,NA,1,2144,1,NA,NA,NA
76836,NA,NA,NA,NA,NA,NA,1,4347,2
76847,NA,NA,NA,NA,NA,NA,1,4157,2
76850,1,1104,1,NA,NA,NA,NA,NA,NA
76858,NA,NA,NA,NA,NA,NA,1,1819,1
76893,NA,NA,NA,NA,NA,NA,1,2274,1
76917,NA,NA,NA,1,1754,1,NA,NA,NA
77061,NA,NA,NA,1,4547,2,1,2859,1
77175,NA,NA,NA,1,3557,2,NA,NA,NA
77179,3,23383,9,7,82708,28,NA,NA,NA
77525,2,3768,2,NA,NA,NA,NA,NA,NA
77745,5,33755,9,3,31727,9,5,51006,12
77837,1,10331,3,NA,NA,NA,NA,NA,NA
77901,NA,NA,NA,1,2573,1,1,2675,1
77935,1,1949,1,NA,NA,NA,1,2014,1
78264,1,3509,1,NA,NA,NA,NA,NA,NA
78365,NA,NA,NA,7,16308,7,12,28196,13
78447,NA,NA,NA,1,7322,2,NA,NA,NA
78454,2,4046,2,NA,NA,NA,NA,NA,NA
78626,1,3444,1,NA,NA,NA,NA,NA,NA
78628,1,2206,1,NA,NA,NA,NA,NA,NA
78645,1,2469,1,NA,NA,NA,NA,NA,NA
78646,1,2903,1,NA,NA,NA,NA,NA,NA
78706,NA,NA,NA,1,1949,1,NA,NA,NA
78708,NA,NA,NA,2,7016,3,NA,NA,NA
78900,1,2133,1,NA,NA,NA,NA,NA,NA
78903,NA,NA,NA,1,8382,2,NA,NA,NA
78914,1,2209,1,NA,NA,NA,NA,NA,NA
79319,NA,NA,NA,1,2339,1,NA,NA,NA
79346,NA,NA,NA,1,4874,1,NA,NA,NA
79348,1,2989,1,NA,NA,NA,NA,NA,NA
79360,1,2209,1,NA,NA,NA,1,2664,1
79414,NA,NA,NA,NA,NA,NA,1,2014,1
79434,NA,NA,NA,1,3639,1,NA,NA,NA
79500,NA,NA,NA,1,5018,2,NA,NA,NA
79732,NA,NA,NA,1,2339,1,NA,NA,NA
80607,1,1819,1,NA,NA,NA,NA,NA,NA
80621,1,3169,1,NA,NA,NA,NA,NA,NA
81387,NA,NA,NA,NA,NA,NA,1,8385,3
81480,1,2079,1,NA,NA,NA,NA,NA,NA
81637,1,1949,1,NA,NA,NA,NA,NA,NA
81672,1,2404,1,NA,NA,NA,NA,NA,NA
81709,1,2192,1,NA,NA,NA,NA,NA,NA
81775,3,7147,3,NA,NA,NA,1,2674,1
82026,NA,NA,NA,NA,NA,NA,1,1949,1
82104,NA,NA,NA,1,1754,1,NA,NA,NA
82195,NA,NA,NA,1,2534,1,NA,NA,NA
82206,NA,NA,NA,1,3964,1,NA,NA,NA
82240,1,10397,3,NA,NA,NA,NA,NA,NA
82622,1,2729,1,NA,NA,NA,NA,NA,NA
82641,NA,NA,NA,NA,NA,NA,1,6497,2
82702,2,11434,4,NA,NA,NA,NA,NA,NA
82864,NA,NA,NA,NA,NA,NA,1,2773,1
82881,1,6627,2,NA,NA,NA,2,21052,6
83024,NA,NA,NA,1,2144,1,NA,NA,NA
83178,NA,NA,NA,NA,NA,NA,1,2534,1
83467,1,2274,1,NA,NA,NA,NA,NA,NA
83516,NA,NA,NA,1,2664,1,NA,NA,NA
83686,1,2404,1,NA,NA,NA,1,1949,1
83735,1,2079,1,1,2209,1,NA,NA,NA
83841,2,13095,7,NA,NA,NA,NA,NA,NA
83896,1,5849,1,1,5132,2,NA,NA,NA
83992,NA,NA,NA,NA,NA,NA,1,3739,2
84259,1,3379,1,NA,NA,NA,NA,NA,NA
84287,NA,NA,NA,NA,NA,NA,1,3189,1
84630,NA,NA,NA,1,16240,6,NA,NA,NA
85093,NA,NA,NA,1,2794,1,NA,NA,NA
85307,1,5719,1,NA,NA,NA,NA,NA,NA
85351,1,3684,2,NA,NA,NA,NA,NA,NA
85376,1,2729,1,NA,NA,NA,3,5002,3
85412,1,2231,1,2,4487,2,1,1888,1
85427,NA,NA,NA,NA,NA,NA,1,2599,1
85431,NA,NA,NA,1,2534,1,1,2171,1
85555,1,22870,8,1,11710,4,NA,NA,NA
85562,1,2664,1,NA,NA,NA,NA,NA,NA
85588,NA,NA,NA,NA,NA,NA,1,1594,1
85699,NA,NA,NA,1,4354,1,NA,NA,NA
85715,1,4399,1,NA,NA,NA,NA,NA,NA
85876,1,25644,14,NA,NA,NA,NA,NA,NA
85993,NA,NA,NA,2,4288,2,NA,NA,NA
86029,NA,NA,NA,1,3769,1,NA,NA,NA
86098,1,2599,1,NA,NA,NA,1,3444,1
86187,NA,NA,NA,1,2469,1,NA,NA,NA
86258,NA,NA,NA,NA,NA,NA,1,1754,1
86273,NA,NA,NA,1,2469,1,NA,NA,NA
86311,1,3199,1,NA,NA,NA,NA,NA,NA
86456,NA,NA,NA,1,4092,2,NA,NA,NA
86555,NA,NA,NA,NA,NA,NA,1,1885,1
86676,NA,NA,NA,NA,NA,NA,1,2209,1
86713,NA,NA,NA,NA,NA,NA,1,1594,1
86742,1,3962,2,NA,NA,NA,NA,NA,NA
86889,NA,NA,NA,1,1732,1,NA,NA,NA
87053,NA,NA,NA,NA,NA,NA,1,2751,1
87218,1,83538,36,NA,NA,NA,NA,NA,NA
87373,NA,NA,NA,1,4352,2,NA,NA,NA
87662,1,5977,2,NA,NA,NA,NA,NA,NA
87679,1,3117,2,NA,NA,NA,1,1559,1
87734,NA,NA,NA,1,2339,1,1,2664,1
87764,5,8705,5,NA,NA,NA,NA,NA,NA
87768,3,28368,9,NA,NA,NA,1,2859,1
88044,NA,NA,NA,NA,NA,NA,1,12217,2
88392,1,9676,3,NA,NA,NA,NA,NA,NA
88424,NA,NA,NA,1,2014,1,1,1364,1
88586,NA,NA,NA,NA,NA,NA,1,2274,1
88692,NA,NA,NA,NA,NA,NA,1,29887,10
88774,1,31585,4,NA,NA,NA,NA,NA,NA
88846,NA,NA,NA,NA,NA,NA,1,2924,1
88880,NA,NA,NA,NA,NA,NA,1,2404,1
88934,NA,NA,NA,NA,NA,NA,2,3378,2
88939,3,10397,3,NA,NA,NA,NA,NA,NA
89579,2,15725,4,NA,NA,NA,NA,NA,NA
89798,NA,NA,NA,NA,NA,NA,1,13190,3
89811,1,1689,1,NA,NA,NA,NA,NA,NA
89928,1,5067,2,NA,NA,NA,NA,NA,NA
90036,2,9033,2,NA,NA,NA,NA,NA,NA
90112,NA,NA,NA,2,7796,3,NA,NA,NA
90622,NA,NA,NA,1,5654,1,NA,NA,NA
90625,1,2079,1,1,2404,1,NA,NA,NA
90948,NA,NA,NA,NA,NA,NA,3,9552,3
91083,1,2534,1,NA,NA,NA,NA,NA,NA
91232,NA,NA,NA,1,1819,1,NA,NA,NA
91545,NA,NA,NA,NA,NA,NA,1,7796,3
91632,NA,NA,NA,1,4417,2,NA,NA,NA
91702,1,2794,1,NA,NA,NA,NA,NA,NA
91912,NA,NA,NA,NA,NA,NA,2,3649,2
91936,NA,NA,NA,NA,NA,NA,1,4354,1
92056,NA,NA,NA,NA,NA,NA,1,1906,1
92309,1,2079,1,NA,NA,NA,NA,NA,NA
92416,NA,NA,NA,NA,NA,NA,1,4224,1
92417,NA,NA,NA,1,2079,1,NA,NA,NA
92430,NA,NA,NA,NA,NA,NA,1,2274,1
92482,1,2404,1,NA,NA,NA,NA,NA,NA
92557,NA,NA,NA,NA,NA,NA,1,2924,1
92590,1,3119,1,NA,NA,NA,NA,NA,NA
92694,NA,NA,NA,2,5588,2,NA,NA,NA
92904,4,12021,4,NA,NA,NA,NA,NA,NA
93021,NA,NA,NA,3,9747,3,NA,NA,NA
93144,1,1732,1,NA,NA,NA,NA,NA,NA
93174,NA,NA,NA,NA,NA,NA,1,2181,1
93264,1,1300,1,NA,NA,NA,NA,NA,NA
93346,NA,NA,NA,1,3574,1,NA,NA,NA
93351,NA,NA,NA,1,2687,1,NA,NA,NA
93374,NA,NA,NA,2,7679,4,NA,NA,NA
93508,NA,NA,NA,NA,NA,NA,1,1624,1
93801,NA,NA,NA,1,2220,1,NA,NA,NA
94034,1,2811,1,NA,NA,NA,NA,NA,NA
94128,NA,NA,NA,NA,NA,NA,1,1819,1
94377,1,3576,1,1,2274,1,NA,NA,NA
94413,NA,NA,NA,1,3184,1,NA,NA,NA
94430,NA,NA,NA,1,6626,3,NA,NA,NA
94477,NA,NA,NA,NA,NA,NA,1,1819,1
94520,NA,NA,NA,1,4441,2,NA,NA,NA
94861,NA,NA,NA,1,2599,1,NA,NA,NA
95107,NA,NA,NA,NA,NA,NA,1,2664,1
95113,1,6626,3,NA,NA,NA,NA,NA,NA
95174,1,2092,1,NA,NA,NA,NA,NA,NA
95557,NA,NA,NA,1,6887,2,NA,NA,NA
95960,NA,NA,NA,1,2553,1,NA,NA,NA
96027,NA,NA,NA,NA,NA,NA,1,3247,2
96030,NA,NA,NA,1,4612,2,1,2599,1
96106,1,6431,3,NA,NA,NA,NA,NA,NA
96349,NA,NA,NA,NA,NA,NA,1,1559,1
96563,1,2274,1,NA,NA,NA,1,2339,1
96585,NA,NA,NA,NA,NA,NA,2,7926,3
96803,NA,NA,NA,1,8510,3,NA,NA,NA
97046,1,3184,1,NA,NA,NA,NA,NA,NA
97164,1,2276,1,NA,NA,NA,NA,NA,NA
97348,NA,NA,NA,NA,NA,NA,1,3524,1
97561,NA,NA,NA,NA,NA,NA,1,1661,1
97682,1,5214,3,NA,NA,NA,NA,NA,NA
97745,NA,NA,NA,1,2339,1,NA,NA,NA
97775,2,6101,2,NA,NA,NA,NA,NA,NA
97841,NA,NA,NA,1,2685,1,NA,NA,NA
98247,NA,NA,NA,NA,NA,NA,1,1871,1
98294,1,1949,1,1,2404,1,NA,NA,NA
98338,1,2924,1,NA,NA,NA,NA,NA,NA
98373,2,3768,2,NA,NA,NA,NA,NA,NA
98551,NA,NA,NA,1,2339,1,NA,NA,NA
98717,NA,NA,NA,NA,NA,NA,1,4217,2
98742,NA,NA,NA,NA,NA,NA,2,7278,2
98785,NA,NA,NA,1,2924,1,NA,NA,NA
98876,NA,NA,NA,NA,NA,NA,1,3249,1
99071,NA,NA,NA,1,5652,2,NA,NA,NA
99316,1,7391,3,NA,NA,NA,NA,NA,NA
99396,1,2144,1,1,2404,1,NA,NA,NA
99420,NA,NA,NA,NA,NA,NA,1,1794,1
99465,NA,NA,NA,NA,NA,NA,1,10135,4
99730,NA,NA,NA,NA,NA,NA,1,10847,4
99794,1,2042,1,NA,NA,NA,NA,NA,NA
99817,NA,NA,NA,NA,NA,NA,2,4562,2
100139,1,8447,2,NA,NA,NA,2,21572,6
100197,NA,NA,NA,NA,NA,NA,1,1884,1
100201,1,2014,1,NA,NA,NA,NA,NA,NA
100305,NA,NA,NA,1,5392,2,NA,NA,NA
100336,NA,NA,NA,NA,NA,NA,1,2795,1
100536,1,2404,1,NA,NA,NA,NA,NA,NA
100627,2,7668,2,NA,NA,NA,NA,NA,NA
100771,NA,NA,NA,NA,NA,NA,2,4688,2
100829,NA,NA,NA,NA,NA,NA,1,4287,2
100836,1,3637,2,NA,NA,NA,NA,NA,NA
100935,NA,NA,NA,NA,NA,NA,1,2209,1
100962,1,2094,1,NA,NA,NA,NA,NA,NA
101051,NA,NA,NA,1,2924,1,NA,NA,NA
101088,NA,NA,NA,NA,NA,NA,1,2274,1
101173,NA,NA,NA,NA,NA,NA,4,26305,9
101446,NA,NA,NA,2,4548,2,NA,NA,NA
101548,3,5524,3,NA,NA,NA,NA,NA,NA
101625,2,3703,2,NA,NA,NA,1,1884,1
101925,1,12667,6,NA,NA,NA,NA,NA,NA
102430,1,2469,1,NA,NA,NA,NA,NA,NA
102620,NA,NA,NA,NA,NA,NA,1,3374,1
102793,NA,NA,NA,1,5199,1,NA,NA,NA
103003,1,2977,1,NA,NA,NA,NA,NA,NA
103227,NA,NA,NA,1,3117,2,NA,NA,NA
103317,1,2236,1,NA,NA,NA,NA,NA,NA
103992,NA,NA,NA,NA,NA,NA,1,1819,1
104160,NA,NA,NA,3,62711,11,NA,NA,NA
104479,NA,NA,NA,NA,NA,NA,1,2313,1
104980,NA,NA,NA,2,2868,2,NA,NA,NA
105035,NA,NA,NA,NA,NA,NA,1,4807,2
105268,NA,NA,NA,NA,NA,NA,3,15636,3
105510,1,2783,1,NA,NA,NA,NA,NA,NA
105620,NA,NA,NA,3,8772,3,NA,NA,NA
105919,NA,NA,NA,1,5533,2,NA,NA,NA
106080,NA,NA,NA,NA,NA,NA,1,2014,1
106125,NA,NA,NA,NA,NA,NA,2,6044,2
106210,5,12679,5,3,9355,4,2,8944,4
106295,NA,NA,NA,1,2924,1,NA,NA,NA
106307,1,2795,2,NA,NA,NA,NA,NA,NA
106487,NA,NA,NA,NA,NA,NA,1,3899,1
106508,NA,NA,NA,3,8447,3,NA,NA,NA
106583,NA,NA,NA,1,4484,1,NA,NA,NA
106720,NA,NA,NA,1,9682,2,NA,NA,NA
106764,1,2274,1,NA,NA,NA,1,2209,1
106867,NA,NA,NA,NA,NA,NA,1,7535,4
106973,2,6043,2,NA,NA,NA,1,2729,1
106977,1,2534,1,NA,NA,NA,1,2469,1
107041,NA,NA,NA,2,5004,2,1,2664,1
107073,2,5416,2,NA,NA,NA,NA,NA,NA
107105,1,4488,2,NA,NA,NA,NA,NA,NA
107187,1,3704,1,NA,NA,NA,NA,NA,NA
107622,NA,NA,NA,1,2664,1,NA,NA,NA
107631,1,3509,1,NA,NA,NA,NA,NA,NA
107726,2,19624,4,NA,NA,NA,NA,NA,NA
107937,NA,NA,NA,NA,NA,NA,1,2404,1
108129,2,5003,2,NA,NA,NA,NA,NA,NA
108140,NA,NA,NA,NA,NA,NA,1,2209,1
108169,1,1949,1,NA,NA,NA,NA,NA,NA
108360,2,5068,2,2,4223,2,4,9321,4
108885,1,3563,1,1,5524,1,NA,NA,NA
109075,1,1884,1,NA,NA,NA,2,3638,2
109142,NA,NA,NA,1,2794,1,NA,NA,NA
109230,NA,NA,NA,NA,NA,NA,2,3508,2
109602,NA,NA,NA,1,2664,1,NA,NA,NA
109945,1,7082,2,NA,NA,NA,NA,NA,NA
109970,NA,NA,NA,NA,NA,NA,1,2079,1
109973,2,4743,2,NA,NA,NA,1,1840,1
110246,1,1949,1,NA,NA,NA,NA,NA,NA
110256,NA,NA,NA,NA,NA,NA,2,3375,2
110402,1,1949,1,NA,NA,NA,NA,NA,NA
110482,NA,NA,NA,2,17216,9,NA,NA,NA
110650,NA,NA,NA,NA,NA,NA,1,2079,1
110810,NA,NA,NA,1,1884,1,NA,NA,NA
111098,1,2664,1,1,3487,1,NA,NA,NA
111153,1,2599,1,NA,NA,NA,NA,NA,NA
111743,NA,NA,NA,NA,NA,NA,1,2014,1
111771,NA,NA,NA,NA,NA,NA,1,2469,1
111950,1,2729,1,1,3588,1,1,2197,1
112239,NA,NA,NA,NA,NA,NA,1,6739,4
112410,NA,NA,NA,1,2469,1,NA,NA,NA
112455,NA,NA,NA,NA,NA,NA,1,1754,1
112514,NA,NA,NA,1,10785,4,NA,NA,NA
112615,3,11755,4,NA,NA,NA,NA,NA,NA
112619,NA,NA,NA,3,8577,3,NA,NA,NA
112633,1,3379,1,NA,NA,NA,NA,NA,NA
112913,1,26255,4,NA,NA,NA,NA,NA,NA
112916,1,7093,2,NA,NA,NA,1,2274,1
113593,NA,NA,NA,NA,NA,NA,1,1819,1
113777,NA,NA,NA,NA,NA,NA,1,1798,1
113815,NA,NA,NA,2,7148,2,NA,NA,NA
113889,2,4257,2,1,1754,1,3,6261,3
113931,NA,NA,NA,1,13387,2,NA,NA,NA
114013,2,13449,4,NA,NA,NA,2,6368,2
114316,2,4808,2,1,2274,1,NA,NA,NA
114366,NA,NA,NA,1,2209,1,NA,NA,NA
114490,1,2339,1,1,2079,1,2,4288,2
114763,1,4614,1,NA,NA,NA,NA,NA,NA
115233,NA,NA,NA,1,10527,2,NA,NA,NA
115308,NA,NA,NA,NA,NA,NA,5,18253,8
115430,NA,NA,NA,NA,NA,NA,1,2891,1
115548,1,5456,3,NA,NA,NA,NA,NA,NA
115643,NA,NA,NA,NA,NA,NA,1,2794,1
116003,NA,NA,NA,NA,NA,NA,1,2469,1
116321,NA,NA,NA,NA,NA,NA,1,2079,1
116379,NA,NA,NA,1,2274,1,NA,NA,NA
116485,NA,NA,NA,NA,NA,NA,1,1950,1
116510,NA,NA,NA,1,1884,1,NA,NA,NA
116513,NA,NA,NA,NA,NA,NA,1,1386,1
116791,1,1689,1,NA,NA,NA,NA,NA,NA
116920,NA,NA,NA,NA,NA,NA,1,2179,1
117378,1,5717,2,1,2274,1,1,7277,2
117528,NA,NA,NA,NA,NA,NA,2,5280,2
117555,NA,NA,NA,1,9617,2,NA,NA,NA
117605,1,3461,2,NA,NA,NA,NA,NA,NA
118052,NA,NA,NA,NA,NA,NA,1,4612,2
118118,1,4224,1,NA,NA,NA,NA,NA,NA
118644,NA,NA,NA,NA,NA,NA,1,4612,2
118645,NA,NA,NA,1,1560,1,NA,NA,NA
118825,NA,NA,NA,NA,NA,NA,1,2924,1
118827,NA,NA,NA,1,2404,1,3,5262,3
118918,NA,NA,NA,NA,NA,NA,1,2144,1
119048,1,3227,1,NA,NA,NA,NA,NA,NA
119112,3,6302,3,NA,NA,NA,1,2053,1
119314,1,2404,1,NA,NA,NA,NA,NA,NA
119441,1,18194,5,NA,NA,NA,NA,NA,NA
119466,3,9617,3,2,4483,2,NA,NA,NA
119500,3,6466,3,NA,NA,NA,NA,NA,NA
119565,2,6498,2,1,3314,1,NA,NA,NA
119652,NA,NA,NA,NA,NA,NA,1,3444,1
119697,NA,NA,NA,NA,NA,NA,1,6399,2
119953,NA,NA,NA,1,7797,2,NA,NA,NA
120340,2,13323,2,1,2600,1,1,4549,1
120371,1,3184,1,NA,NA,NA,NA,NA,NA
120625,1,2058,1,1,2339,1,NA,NA,NA
121362,NA,NA,NA,1,6821,3,NA,NA,NA
121394,1,3726,2,NA,NA,NA,NA,NA,NA
121442,NA,NA,NA,1,1299,1,NA,NA,NA
121461,NA,NA,NA,2,10134,4,NA,NA,NA
121464,1,3509,1,NA,NA,NA,4,12764,4
121536,NA,NA,NA,1,1884,1,NA,NA,NA
121598,1,6562,2,NA,NA,NA,NA,NA,NA
121674,1,10917,2,NA,NA,NA,NA,NA,NA
121698,NA,NA,NA,1,2354,1,1,2293,1
121788,NA,NA,NA,NA,NA,NA,1,2664,1
122076,NA,NA,NA,NA,NA,NA,1,1494,1
122111,NA,NA,NA,2,11369,4,NA,NA,NA
122286,NA,NA,NA,NA,NA,NA,2,6108,2
122311,NA,NA,NA,NA,NA,NA,1,6041,3
122472,1,3249,1,NA,NA,NA,NA,NA,NA
122482,NA,NA,NA,NA,NA,NA,1,1689,1
122529,NA,NA,NA,NA,NA,NA,1,7796,3
122584,2,16114,4,2,19556,5,3,15398,5
122587,1,1949,1,NA,NA,NA,NA,NA,NA
122969,NA,NA,NA,1,2144,1,NA,NA,NA
122970,NA,NA,NA,NA,NA,NA,2,11374,4
123102,NA,NA,NA,1,1836,1,NA,NA,NA
123820,1,2079,1,NA,NA,NA,NA,NA,NA
123857,NA,NA,NA,NA,NA,NA,1,2794,1
123932,1,3899,1,NA,NA,NA,NA,NA,NA
123989,NA,NA,NA,NA,NA,NA,1,2144,1
124084,NA,NA,NA,1,2989,1,NA,NA,NA
124236,NA,NA,NA,NA,NA,NA,1,5067,2
124252,NA,NA,NA,2,6164,2,NA,NA,NA
124286,NA,NA,NA,NA,NA,NA,1,3184,1
124293,NA,NA,NA,NA,NA,NA,1,2561,1
124446,NA,NA,NA,NA,NA,NA,1,10137,2
124801,1,3379,1,NA,NA,NA,NA,NA,NA
125092,1,1559,1,1,2664,1,NA,NA,NA
125127,1,6174,1,NA,NA,NA,NA,NA,NA
125141,1,1732,1,NA,NA,NA,NA,NA,NA
125282,NA,NA,NA,NA,NA,NA,1,1743,1
126313,2,6043,2,NA,NA,NA,NA,NA,NA
126315,1,16372,6,NA,NA,NA,NA,NA,NA
126588,NA,NA,NA,2,7343,2,5,18260,5
126821,2,7991,3,2,6561,3,NA,NA,NA
126952,NA,NA,NA,1,2404,1,NA,NA,NA
126993,NA,NA,NA,NA,NA,NA,2,5588,2
127103,NA,NA,NA,NA,NA,NA,1,1884,1
127171,NA,NA,NA,7,182947,22,NA,NA,NA
127299,NA,NA,NA,NA,NA,NA,1,2599,1
127446,1,2599,1,NA,NA,NA,NA,NA,NA
127496,NA,NA,NA,NA,NA,NA,1,3008,1
127661,1,14551,7,NA,NA,NA,NA,NA,NA
127745,NA,NA,NA,1,5983,2,NA,NA,NA
127850,3,6778,3,NA,NA,NA,NA,NA,NA
127919,1,1559,1,NA,NA,NA,NA,NA,NA
128016,NA,NA,NA,1,2404,1,NA,NA,NA
128226,1,7406,3,1,2534,1,NA,NA,NA
128513,1,2050,1,NA,NA,NA,NA,NA,NA
128523,NA,NA,NA,NA,NA,NA,1,3388,1
128524,NA,NA,NA,NA,NA,NA,1,2079,1
128702,2,4298,2,NA,NA,NA,NA,NA,NA
128782,1,3249,1,NA,NA,NA,NA,NA,NA
128795,NA,NA,NA,1,2079,1,NA,NA,NA
128921,1,1620,1,NA,NA,NA,NA,NA,NA
128934,NA,NA,NA,NA,NA,NA,1,3897,2
128997,NA,NA,NA,1,3819,2,NA,NA,NA
129101,NA,NA,NA,1,2144,1,NA,NA,NA
129331,NA,NA,NA,1,7960,3,NA,NA,NA
129346,NA,NA,NA,1,12605,4,NA,NA,NA
129376,1,2404,1,1,2852,1,1,2469,1
129377,NA,NA,NA,NA,NA,NA,2,7731,3
129595,NA,NA,NA,NA,NA,NA,4,30951,14
129675,NA,NA,NA,1,1884,1,2,10656,3
129987,NA,NA,NA,1,3084,1,NA,NA,NA
130031,1,1949,1,NA,NA,NA,NA,NA,NA
130034,1,7797,2,NA,NA,NA,1,5587,2
130118,1,4029,1,NA,NA,NA,NA,NA,NA
130164,NA,NA,NA,1,4549,1,NA,NA,NA
130583,NA,NA,NA,NA,NA,NA,1,4029,1
130739,NA,NA,NA,2,4743,2,1,2404,1
130844,1,3704,1,NA,NA,NA,NA,NA,NA
130893,NA,NA,NA,NA,NA,NA,1,2664,1
130908,NA,NA,NA,3,18123,9,NA,NA,NA
131261,2,6368,2,2,5523,2,NA,NA,NA
131959,NA,NA,NA,1,7667,2,NA,NA,NA
132149,NA,NA,NA,NA,NA,NA,1,7374,2
132187,1,2079,1,NA,NA,NA,1,1494,1
132205,NA,NA,NA,1,3868,1,NA,NA,NA
132447,1,11177,2,NA,NA,NA,NA,NA,NA
132459,NA,NA,NA,NA,NA,NA,1,1712,1
132542,NA,NA,NA,NA,NA,NA,1,2392,1
132693,NA,NA,NA,NA,NA,NA,1,1741,1
132914,NA,NA,NA,1,8966,3,NA,NA,NA
132971,1,9097,2,NA,NA,NA,NA,NA,NA
133115,3,13837,6,1,2144,1,2,8444,4
133215,1,5457,2,NA,NA,NA,NA,NA,NA
133250,2,6693,2,1,3099,1,NA,NA,NA
133399,3,22111,10,1,8835,4,NA,NA,NA
133407,NA,NA,NA,1,5717,2,NA,NA,NA
133499,NA,NA,NA,NA,NA,NA,1,2404,1
133740,1,8206,3,NA,NA,NA,NA,NA,NA
133863,NA,NA,NA,NA,NA,NA,2,8708,2
133948,NA,NA,NA,1,1949,1,NA,NA,NA
134014,NA,NA,NA,1,3062,1,NA,NA,NA
134107,NA,NA,NA,1,3054,1,NA,NA,NA
134266,NA,NA,NA,1,2773,1,NA,NA,NA
134314,NA,NA,NA,NA,NA,NA,1,2404,1
134413,1,3054,1,2,6108,2,3,10493,3
134416,NA,NA,NA,NA,NA,NA,2,3870,2
134588,1,2989,1,NA,NA,NA,NA,NA,NA
134836,2,5848,2,4,11826,4,1,2599,1
134918,1,2253,1,NA,NA,NA,NA,NA,NA
134930,NA,NA,NA,NA,NA,NA,1,9237,5
135369,NA,NA,NA,NA,NA,NA,1,2274,1
135454,NA,NA,NA,1,2209,1,NA,NA,NA
135460,2,9799,3,NA,NA,NA,NA,NA,NA
135672,NA,NA,NA,1,3184,1,NA,NA,NA
135873,1,1559,1,2,6561,3,NA,NA,NA
135886,NA,NA,NA,1,2209,1,NA,NA,NA
136094,NA,NA,NA,2,8188,2,1,3509,1
136170,1,3184,1,NA,NA,NA,1,1884,1
136424,NA,NA,NA,2,8237,3,NA,NA,NA
136431,3,6952,3,NA,NA,NA,NA,NA,NA
136456,1,1559,1,NA,NA,NA,NA,NA,NA
136459,NA,NA,NA,NA,NA,NA,1,1733,1
136602,NA,NA,NA,NA,NA,NA,1,1689,1
137026,NA,NA,NA,1,13190,3,NA,NA,NA
137032,NA,NA,NA,NA,NA,NA,9,14682,9
137078,1,4742,2,NA,NA,NA,NA,NA,NA
137115,1,1884,1,NA,NA,NA,NA,NA,NA
137366,1,3314,1,NA,NA,NA,NA,NA,NA
137438,1,6698,4,NA,NA,NA,NA,NA,NA
137492,8,15986,8,7,15467,7,3,6367,3
137548,1,2469,1,NA,NA,NA,NA,NA,NA
137573,2,5393,2,1,2144,1,NA,NA,NA
137777,NA,NA,NA,1,1689,1,NA,NA,NA
137899,NA,NA,NA,NA,NA,NA,1,2209,1
137974,2,4223,2,NA,NA,NA,NA,NA,NA
138055,1,3249,1,1,3314,1,NA,NA,NA
138286,NA,NA,NA,1,3054,1,1,2794,1
138423,NA,NA,NA,1,3471,2,1,5733,3
138579,1,91962,36,NA,NA,NA,NA,NA,NA
138882,2,5781,3,NA,NA,NA,NA,NA,NA
139191,NA,NA,NA,NA,NA,NA,1,2014,1
139275,NA,NA,NA,1,2534,1,NA,NA,NA
139383,NA,NA,NA,1,1884,1,1,1949,1
139399,NA,NA,NA,NA,NA,NA,1,9677,4
139421,NA,NA,NA,NA,NA,NA,1,1494,1
139495,NA,NA,NA,NA,NA,NA,3,16575,6
139513,NA,NA,NA,1,10837,4,2,9298,4
139526,NA,NA,NA,NA,NA,NA,1,3444,1
139720,2,12539,4,NA,NA,NA,NA,NA,NA
139865,1,2664,1,1,14555,3,NA,NA,NA
140493,12,51264,21,8,40895,17,13,77644,34
140507,1,5327,2,NA,NA,NA,1,5792,2
140525,NA,NA,NA,NA,NA,NA,1,1754,1
140961,2,4782,2,1,1905,1,NA,NA,NA
141064,1,2209,1,1,1949,1,NA,NA,NA
141201,NA,NA,NA,1,1819,1,NA,NA,NA
141329,NA,NA,NA,NA,NA,NA,2,6322,2
141373,2,4223,2,NA,NA,NA,1,3702,2
141430,NA,NA,NA,1,2209,1,NA,NA,NA
141491,1,2274,1,NA,NA,NA,NA,NA,NA
141740,1,2404,1,NA,NA,NA,3,6317,3
141761,1,1754,1,NA,NA,NA,NA,NA,NA
141952,NA,NA,NA,NA,NA,NA,1,2209,1
142058,NA,NA,NA,NA,NA,NA,1,7017,2
142186,1,1732,1,NA,NA,NA,1,1949,1
142194,NA,NA,NA,NA,NA,NA,1,3119,1
142265,1,2989,1,NA,NA,NA,NA,NA,NA
142291,NA,NA,NA,NA,NA,NA,1,8252,2
142383,NA,NA,NA,1,12086,3,NA,NA,NA
142432,NA,NA,NA,1,5197,2,NA,NA,NA
142556,NA,NA,NA,1,2534,1,NA,NA,NA
142597,NA,NA,NA,2,4548,2,NA,NA,NA
142628,NA,NA,NA,NA,NA,NA,1,1559,1
142836,NA,NA,NA,NA,NA,NA,1,6174,1
142920,NA,NA,NA,1,5457,2,NA,NA,NA
143053,NA,NA,NA,NA,NA,NA,2,3947,2
143110,NA,NA,NA,1,4744,1,NA,NA,NA
143237,1,2599,1,NA,NA,NA,NA,NA,NA
143278,NA,NA,NA,1,3832,2,NA,NA,NA
143338,8,17087,8,NA,NA,NA,NA,NA,NA
143748,NA,NA,NA,NA,NA,NA,2,6265,2
143913,NA,NA,NA,NA,NA,NA,1,2859,1
143969,1,5977,2,NA,NA,NA,NA,NA,NA
143977,2,8054,4,NA,NA,NA,NA,NA,NA
144052,NA,NA,NA,NA,NA,NA,1,1949,1
144056,NA,NA,NA,2,4938,2,NA,NA,NA
144450,1,3509,1,NA,NA,NA,NA,NA,NA
144642,1,2079,1,NA,NA,NA,NA,NA,NA
144682,NA,NA,NA,NA,NA,NA,1,7927,2
144909,NA,NA,NA,1,4289,1,1,8057,2
145095,NA,NA,NA,NA,NA,NA,1,3812,2
145104,NA,NA,NA,1,2859,1,NA,NA,NA
145478,NA,NA,NA,2,3946,2,NA,NA,NA
145486,1,4939,1,NA,NA,NA,NA,NA,NA
145504,1,3510,2,NA,NA,NA,NA,NA,NA
145519,NA,NA,NA,NA,NA,NA,1,4937,2
145528,NA,NA,NA,1,2924,1,NA,NA,NA
145651,NA,NA,NA,NA,NA,NA,1,3588,1
145744,2,4613,2,1,2339,1,3,6432,3
145776,NA,NA,NA,1,2599,1,NA,NA,NA
145809,NA,NA,NA,1,1689,1,NA,NA,NA
145838,NA,NA,NA,2,3814,2,2,3818,2
146507,NA,NA,NA,NA,NA,NA,1,2924,1
146584,1,2079,1,NA,NA,NA,NA,NA,NA
146588,1,2859,1,NA,NA,NA,NA,NA,NA
146622,2,3963,2,2,4908,2,6,12084,6
146718,NA,NA,NA,1,2859,1,NA,NA,NA
146846,NA,NA,NA,1,4843,1,NA,NA,NA
146873,NA,NA,NA,1,3119,1,NA,NA,NA
147037,NA,NA,NA,1,16117,2,NA,NA,NA
147059,NA,NA,NA,1,2239,1,2,5781,3
147278,NA,NA,NA,NA,NA,NA,1,2469,1
147285,NA,NA,NA,NA,NA,NA,1,2289,1
147455,NA,NA,NA,1,3249,1,NA,NA,NA
147466,NA,NA,NA,NA,NA,NA,1,2014,1
147516,NA,NA,NA,NA,NA,NA,1,1871,1
148025,NA,NA,NA,1,1594,1,3,6690,3
148274,1,4547,2,NA,NA,NA,1,7601,3
148275,1,1314,1,NA,NA,NA,1,1039,1
148431,2,7018,2,NA,NA,NA,NA,NA,NA
148880,NA,NA,NA,2,23849,4,NA,NA,NA
149015,NA,NA,NA,NA,NA,NA,3,18951,9
149163,NA,NA,NA,NA,NA,NA,2,7405,4
149241,1,2989,1,NA,NA,NA,NA,NA,NA
149275,NA,NA,NA,NA,NA,NA,1,3769,1
149420,NA,NA,NA,1,8713,2,NA,NA,NA
149975,NA,NA,NA,NA,NA,NA,1,2192,1
150171,1,3509,1,NA,NA,NA,NA,NA,NA
150206,NA,NA,NA,NA,NA,NA,1,7145,3
150469,NA,NA,NA,NA,NA,NA,2,5913,2
150731,1,26512,6,NA,NA,NA,NA,NA,NA
150771,3,7147,3,1,2404,1,1,2339,1
150865,1,4484,1,NA,NA,NA,NA,NA,NA
151151,NA,NA,NA,NA,NA,NA,1,3897,2
151220,1,3897,2,NA,NA,NA,NA,NA,NA
151259,NA,NA,NA,1,2913,1,NA,NA,NA
151502,1,2339,1,NA,NA,NA,NA,NA,NA
151526,1,3704,1,NA,NA,NA,NA,NA,NA
151754,1,1884,1,NA,NA,NA,2,7731,3
151804,1,3236,1,NA,NA,NA,NA,NA,NA
151818,1,2274,1,NA,NA,NA,NA,NA,NA
152174,NA,NA,NA,NA,NA,NA,1,5195,3
152224,NA,NA,NA,1,1594,1,NA,NA,NA
152290,1,2664,1,NA,NA,NA,NA,NA,NA
152455,1,6201,2,NA,NA,NA,NA,NA,NA
152685,1,2757,1,NA,NA,NA,NA,NA,NA
153421,6,19589,7,NA,NA,NA,NA,NA,NA
153485,NA,NA,NA,NA,NA,NA,2,3798,2
153664,NA,NA,NA,NA,NA,NA,1,3444,1
153697,NA,NA,NA,1,2209,1,NA,NA,NA
153758,NA,NA,NA,2,4851,2,1,1594,1
153825,NA,NA,NA,NA,NA,NA,1,8577,2
153931,1,2079,1,1,2079,1,4,7543,4
153945,NA,NA,NA,1,25732,6,NA,NA,NA
154070,NA,NA,NA,NA,NA,NA,1,2469,1
154121,NA,NA,NA,1,5717,2,NA,NA,NA
154248,2,4288,2,NA,NA,NA,NA,NA,NA
154316,NA,NA,NA,1,4354,1,NA,NA,NA
154473,1,2924,1,NA,NA,NA,NA,NA,NA
154563,NA,NA,NA,1,5392,2,NA,NA,NA
154660,NA,NA,NA,1,3682,2,NA,NA,NA
154668,NA,NA,NA,1,3588,1,NA,NA,NA
154793,NA,NA,NA,NA,NA,NA,3,15275,5
154812,NA,NA,NA,1,1494,1,NA,NA,NA
154852,NA,NA,NA,1,2794,1,NA,NA,NA
154952,3,5496,3,NA,NA,NA,NA,NA,NA
155069,NA,NA,NA,2,4548,2,NA,NA,NA
155124,3,12280,4,NA,NA,NA,NA,NA,NA
155152,NA,NA,NA,NA,NA,NA,1,2274,1
155186,1,1884,1,2,6366,3,NA,NA,NA
155740,1,3769,1,NA,NA,NA,NA,NA,NA
155955,1,1884,1,NA,NA,NA,NA,NA,NA
156140,NA,NA,NA,1,2534,1,1,8642,2
156506,NA,NA,NA,NA,NA,NA,1,2144,1
156740,NA,NA,NA,1,2339,1,NA,NA,NA
156920,1,3379,1,NA,NA,NA,NA,NA,NA
157067,NA,NA,NA,1,2209,1,NA,NA,NA
158040,1,6107,2,NA,NA,NA,NA,NA,NA
158172,NA,NA,NA,NA,NA,NA,1,2228,1
158173,1,4744,1,NA,NA,NA,NA,NA,NA
158191,NA,NA,NA,1,2599,1,NA,NA,NA
158276,1,4549,1,NA,NA,NA,NA,NA,NA
158427,NA,NA,NA,NA,NA,NA,7,90325,20
158527,NA,NA,NA,3,13076,3,NA,NA,NA
159297,1,14815,4,NA,NA,NA,NA,NA,NA
159422,1,2102,1,NA,NA,NA,NA,NA,NA
159431,NA,NA,NA,1,3379,1,NA,NA,NA
159448,NA,NA,NA,NA,NA,NA,1,8860,5
159558,NA,NA,NA,NA,NA,NA,1,5585,3
159675,1,6237,2,NA,NA,NA,NA,NA,NA
159873,NA,NA,NA,1,2469,1,NA,NA,NA
160056,NA,NA,NA,1,2729,1,NA,NA,NA
160269,NA,NA,NA,1,1594,1,NA,NA,NA
160469,1,2014,1,NA,NA,NA,NA,NA,NA
160482,NA,NA,NA,NA,NA,NA,1,3314,1
160575,1,2339,1,NA,NA,NA,NA,NA,NA
160596,NA,NA,NA,1,3054,1,NA,NA,NA
160722,1,1819,1,1,1624,1,1,1494,1
161137,NA,NA,NA,NA,NA,NA,1,1386,1
161206,1,2859,1,1,2924,1,NA,NA,NA
161333,1,1559,1,NA,NA,NA,NA,NA,NA
161755,1,1949,1,NA,NA,NA,NA,NA,NA
161789,NA,NA,NA,NA,NA,NA,1,4159,1
161884,NA,NA,NA,NA,NA,NA,2,18129,4
161917,NA,NA,NA,NA,NA,NA,1,2491,1
162144,2,9486,3,1,3249,1,2,5978,2
162206,NA,NA,NA,NA,NA,NA,1,2534,1
162220,1,3985,1,NA,NA,NA,NA,NA,NA
162221,1,14035,4,NA,NA,NA,NA,NA,NA
162418,1,4029,1,NA,NA,NA,NA,NA,NA
162534,NA,NA,NA,NA,NA,NA,1,3119,1
162560,NA,NA,NA,3,25521,6,NA,NA,NA
162631,NA,NA,NA,NA,NA,NA,1,3366,1
162727,1,2664,1,2,6303,2,NA,NA,NA
162890,3,6887,3,1,2014,1,2,4483,2
162892,NA,NA,NA,1,3416,1,NA,NA,NA
162896,1,3463,2,NA,NA,NA,NA,NA,NA
163001,1,1819,1,NA,NA,NA,NA,NA,NA
163241,2,4028,2,NA,NA,NA,3,6562,3
163261,1,2274,1,NA,NA,NA,NA,NA,NA
163441,1,2209,1,NA,NA,NA,NA,NA,NA
163562,1,3588,1,NA,NA,NA,NA,NA,NA
163662,NA,NA,NA,NA,NA,NA,1,2599,1
163768,1,5457,2,NA,NA,NA,NA,NA,NA
163779,1,3119,1,NA,NA,NA,NA,NA,NA
163829,NA,NA,NA,NA,NA,NA,1,5299,2
163907,NA,NA,NA,NA,NA,NA,1,4419,1
163945,NA,NA,NA,1,1819,1,NA,NA,NA
164004,NA,NA,NA,1,4614,1,2,6563,2
164024,1,2924,1,NA,NA,NA,NA,NA,NA
164179,1,1998,1,NA,NA,NA,NA,NA,NA
164227,NA,NA,NA,1,2794,1,NA,NA,NA
164571,NA,NA,NA,1,20787,10,NA,NA,NA
164983,1,2785,1,NA,NA,NA,NA,NA,NA
165031,3,5977,3,2,3638,2,2,3963,2
165036,NA,NA,NA,1,1888,1,NA,NA,NA
165056,1,2469,1,NA,NA,NA,NA,NA,NA
165107,NA,NA,NA,1,8388,2,NA,NA,NA
165241,1,4677,2,NA,NA,NA,NA,NA,NA
165303,1,2599,1,1,2664,1,NA,NA,NA
165340,NA,NA,NA,NA,NA,NA,2,24348,9
165419,NA,NA,NA,1,3054,1,NA,NA,NA
166113,NA,NA,NA,NA,NA,NA,1,1819,1
166201,NA,NA,NA,1,6757,2,NA,NA,NA
166300,1,5004,1,2,9878,2,NA,NA,NA
166643,1,2664,1,NA,NA,NA,NA,NA,NA
166795,NA,NA,NA,1,9097,2,NA,NA,NA
166884,NA,NA,NA,1,2648,1,NA,NA,NA
166969,1,4029,1,NA,NA,NA,NA,NA,NA
167053,NA,NA,NA,NA,NA,NA,1,1819,1
167170,NA,NA,NA,1,6367,2,NA,NA,NA
167196,NA,NA,NA,NA,NA,NA,2,4000,2
167227,NA,NA,NA,1,2404,1,NA,NA,NA
167248,NA,NA,NA,NA,NA,NA,1,1754,1
167471,NA,NA,NA,1,1594,1,NA,NA,NA
168301,2,4808,2,3,6432,3,2,4158,2
168358,1,4419,1,NA,NA,NA,NA,NA,NA
168488,NA,NA,NA,NA,NA,NA,1,8707,2
168493,NA,NA,NA,NA,NA,NA,2,9748,2
168544,NA,NA,NA,NA,NA,NA,1,10884,4
168634,NA,NA,NA,NA,NA,NA,1,1962,1
168886,1,2404,1,NA,NA,NA,NA,NA,NA
168983,1,2201,1,NA,NA,NA,NA,NA,NA
168985,NA,NA,NA,1,2209,1,NA,NA,NA
169072,NA,NA,NA,NA,NA,NA,2,3768,2
169109,NA,NA,NA,1,4159,1,NA,NA,NA
169224,1,5654,1,NA,NA,NA,NA,NA,NA
169265,NA,NA,NA,1,1990,1,NA,NA,NA
169327,1,6482,2,NA,NA,NA,NA,NA,NA
169912,NA,NA,NA,1,4586,1,NA,NA,NA
170106,NA,NA,NA,NA,NA,NA,1,2924,1
170174,2,14036,3,7,31646,8,NA,NA,NA
170335,NA,NA,NA,NA,NA,NA,1,2989,1
170646,NA,NA,NA,2,5846,3,NA,NA,NA
170764,NA,NA,NA,NA,NA,NA,2,7608,2
170766,3,18775,6,NA,NA,NA,NA,NA,NA
171124,1,2729,1,NA,NA,NA,NA,NA,NA
171180,NA,NA,NA,1,1888,1,NA,NA,NA
171359,1,2404,1,1,3704,1,1,3379,1
171363,1,1859,1,NA,NA,NA,NA,NA,NA
171463,1,7016,3,NA,NA,NA,NA,NA,NA
171522,NA,NA,NA,NA,NA,NA,1,1624,1
171586,NA,NA,NA,1,10460,3,1,2040,1
171636,2,4158,2,NA,NA,NA,NA,NA,NA
171782,1,1754,1,NA,NA,NA,NA,NA,NA
171784,1,2664,1,1,3054,1,1,2014,1
172006,1,3752,1,NA,NA,NA,NA,NA,NA
172023,NA,NA,NA,3,15254,6,3,9745,4
172055,2,7473,2,1,2794,1,NA,NA,NA
172100,NA,NA,NA,NA,NA,NA,2,3963,2
172114,NA,NA,NA,4,6579,4,2,3861,2
172411,NA,NA,NA,3,14490,4,NA,NA,NA
172517,NA,NA,NA,NA,NA,NA,1,4354,1
172653,1,1689,1,2,12864,4,NA,NA,NA
172729,NA,NA,NA,NA,NA,NA,1,6367,2
173243,3,8780,3,NA,NA,NA,4,7419,4
173334,NA,NA,NA,1,2079,1,NA,NA,NA
173516,NA,NA,NA,NA,NA,NA,1,3379,1
173521,1,7601,3,NA,NA,NA,NA,NA,NA
173979,NA,NA,NA,NA,NA,NA,2,5033,3
175573,NA,NA,NA,NA,NA,NA,1,2079,1
175582,NA,NA,NA,NA,NA,NA,1,2365,1
175626,1,2404,1,NA,NA,NA,NA,NA,NA
175727,NA,NA,NA,1,2144,1,NA,NA,NA
175856,NA,NA,NA,NA,NA,NA,1,2794,1
175955,NA,NA,NA,NA,NA,NA,3,6974,3
177132,NA,NA,NA,1,24180,8,NA,NA,NA
177670,2,3638,2,NA,NA,NA,NA,NA,NA
177699,NA,NA,NA,NA,NA,NA,1,2081,1
177755,1,2209,1,NA,NA,NA,NA,NA,NA
177898,3,6173,3,NA,NA,NA,NA,NA,NA
178207,NA,NA,NA,1,2405,1,NA,NA,NA
178334,NA,NA,NA,1,2080,1,NA,NA,NA
178405,1,2274,1,NA,NA,NA,1,2339,1
178968,1,1819,1,NA,NA,NA,NA,NA,NA
179042,NA,NA,NA,NA,NA,NA,1,1884,1
179123,NA,NA,NA,1,1754,1,NA,NA,NA
179612,NA,NA,NA,1,15077,2,NA,NA,NA
179662,1,3964,1,NA,NA,NA,NA,NA,NA
179762,NA,NA,NA,NA,NA,NA,2,6496,3
179789,NA,NA,NA,1,1494,1,1,1429,1
179812,1,1819,1,NA,NA,NA,1,1708,1
179876,NA,NA,NA,1,3054,1,NA,NA,NA
179948,NA,NA,NA,NA,NA,NA,1,2404,1
179988,1,5654,1,NA,NA,NA,NA,NA,NA
180029,1,2404,1,NA,NA,NA,NA,NA,NA
180388,NA,NA,NA,3,8387,3,1,1884,1
180438,NA,NA,NA,2,5653,2,1,3479,1
180731,1,4607,2,NA,NA,NA,1,2414,1
180948,1,1559,1,NA,NA,NA,NA,NA,NA
181249,1,1429,1,NA,NA,NA,2,2988,2
181599,1,6360,4,1,5690,3,NA,NA,NA
181737,NA,NA,NA,1,4212,1,NA,NA,NA
181839,1,1949,1,NA,NA,NA,NA,NA,NA
181852,1,1624,1,NA,NA,NA,NA,NA,NA
182041,1,1884,1,NA,NA,NA,NA,NA,NA
182276,1,1980,1,NA,NA,NA,NA,NA,NA
182292,NA,NA,NA,1,1888,1,NA,NA,NA
182418,NA,NA,NA,NA,NA,NA,1,2274,1
182461,1,9747,2,NA,NA,NA,NA,NA,NA
182491,NA,NA,NA,2,6953,2,NA,NA,NA
182493,1,2469,1,NA,NA,NA,NA,NA,NA
182513,NA,NA,NA,NA,NA,NA,1,2132,1
182573,NA,NA,NA,1,1921,1,NA,NA,NA
182602,NA,NA,NA,1,8034,2,NA,NA,NA
182782,NA,NA,NA,1,5639,3,NA,NA,NA
182807,NA,NA,NA,1,2990,1,NA,NA,NA
182860,1,2014,1,1,1884,1,NA,NA,NA
182991,NA,NA,NA,1,2657,1,NA,NA,NA
183032,NA,NA,NA,3,7932,3,2,5398,2
183245,1,5589,1,NA,NA,NA,NA,NA,NA
183351,1,8528,4,2,13726,5,NA,NA,NA
183359,NA,NA,NA,NA,NA,NA,1,6757,2
183381,NA,NA,NA,1,2144,1,NA,NA,NA
183383,NA,NA,NA,NA,NA,NA,2,5848,2
183557,1,2599,1,1,2989,1,NA,NA,NA
183580,NA,NA,NA,NA,NA,NA,1,2014,1
183794,NA,NA,NA,1,10137,2,NA,NA,NA
183919,1,2664,1,NA,NA,NA,1,3224,1
184192,NA,NA,NA,1,2794,1,NA,NA,NA
184227,NA,NA,NA,NA,NA,NA,1,2274,1
184274,NA,NA,NA,1,3419,1,NA,NA,NA
184360,1,2989,1,NA,NA,NA,NA,NA,NA
184545,NA,NA,NA,1,8186,3,NA,NA,NA
184770,NA,NA,NA,1,3444,1,NA,NA,NA
184825,NA,NA,NA,NA,NA,NA,1,1754,1
184876,NA,NA,NA,1,2014,1,NA,NA,NA
184959,NA,NA,NA,1,2274,1,NA,NA,NA
185192,1,4157,2,NA,NA,NA,NA,NA,NA
185319,NA,NA,NA,1,3588,1,NA,NA,NA
185389,1,3054,1,NA,NA,NA,NA,NA,NA
185451,NA,NA,NA,NA,NA,NA,1,2166,1
185526,NA,NA,NA,2,4784,2,NA,NA,NA
185711,NA,NA,NA,NA,NA,NA,1,3249,1
186088,1,3314,1,NA,NA,NA,NA,NA,NA
186259,NA,NA,NA,1,7363,2,NA,NA,NA
186338,1,8445,4,NA,NA,NA,NA,NA,NA
186429,1,3964,1,NA,NA,NA,NA,NA,NA
186499,NA,NA,NA,1,3444,1,NA,NA,NA
186656,NA,NA,NA,1,5847,2,NA,NA,NA
186686,NA,NA,NA,1,3032,1,NA,NA,NA
186694,NA,NA,NA,NA,NA,NA,2,15410,4
186697,NA,NA,NA,NA,NA,NA,2,27096,7
186707,NA,NA,NA,NA,NA,NA,1,10721,3
186767,NA,NA,NA,1,3117,2,1,1949,1
187033,NA,NA,NA,2,11958,2,NA,NA,NA
187153,NA,NA,NA,1,5962,2,NA,NA,NA
187164,1,2859,1,NA,NA,NA,NA,NA,NA
187359,NA,NA,NA,NA,NA,NA,1,8055,4
187466,NA,NA,NA,NA,NA,NA,1,1997,1
187489,1,2153,1,NA,NA,NA,NA,NA,NA
187505,NA,NA,NA,1,2599,1,NA,NA,NA
187774,NA,NA,NA,1,2859,1,NA,NA,NA
187982,NA,NA,NA,2,4639,2,1,1624,1
188210,NA,NA,NA,NA,NA,NA,1,1386,1
188409,NA,NA,NA,2,7032,2,NA,NA,NA
188432,NA,NA,NA,NA,NA,NA,3,6237,3
188854,6,20079,6,3,9390,3,7,22903,7
188922,NA,NA,NA,NA,NA,NA,2,8836,3
189009,NA,NA,NA,NA,NA,NA,1,6889,1
189022,NA,NA,NA,1,2014,1,NA,NA,NA
189029,1,29049,5,NA,NA,NA,NA,NA,NA
189081,NA,NA,NA,NA,NA,NA,1,2722,1
189124,1,2989,1,NA,NA,NA,NA,NA,NA
189223,NA,NA,NA,NA,NA,NA,1,3964,1
189288,1,1559,1,NA,NA,NA,2,10786,3
189314,1,3160,1,NA,NA,NA,2,6452,2
189377,NA,NA,NA,NA,NA,NA,1,4549,1
189413,NA,NA,NA,NA,NA,NA,1,5067,2
189468,1,4417,2,NA,NA,NA,1,4742,2
189707,2,11434,4,NA,NA,NA,NA,NA,NA
189735,NA,NA,NA,3,10690,3,1,3050,1
189769,2,11834,5,NA,NA,NA,NA,NA,NA
189815,NA,NA,NA,3,5804,3,NA,NA,NA
189822,1,1689,1,NA,NA,NA,NA,NA,NA
189926,NA,NA,NA,2,6888,2,NA,NA,NA
190136,1,1606,1,1,2079,1,NA,NA,NA
190191,2,8444,4,NA,NA,NA,2,6431,3
190208,NA,NA,NA,1,2079,1,2,3833,2
190240,1,1689,1,NA,NA,NA,NA,NA,NA
190372,NA,NA,NA,1,2664,1,NA,NA,NA
190525,NA,NA,NA,1,2339,1,NA,NA,NA
190562,NA,NA,NA,1,2599,1,NA,NA,NA
190827,NA,NA,NA,NA,NA,NA,1,1624,1
190841,1,2270,1,NA,NA,NA,NA,NA,NA
191033,NA,NA,NA,1,3834,1,NA,NA,NA
191118,NA,NA,NA,1,1754,1,NA,NA,NA
191386,NA,NA,NA,1,9551,3,NA,NA,NA
191472,1,1689,1,NA,NA,NA,NA,NA,NA
191500,1,2044,1,NA,NA,NA,NA,NA,NA
191576,1,2018,1,NA,NA,NA,NA,NA,NA
191615,NA,NA,NA,1,5264,1,NA,NA,NA
191653,NA,NA,NA,1,3379,1,NA,NA,NA
191727,NA,NA,NA,NA,NA,NA,1,1859,1
191728,NA,NA,NA,NA,NA,NA,1,2339,1
191775,1,2079,1,NA,NA,NA,NA,NA,NA
192011,NA,NA,NA,1,2315,1,NA,NA,NA
192035,2,5133,2,NA,NA,NA,1,2274,1
192056,NA,NA,NA,1,5066,3,NA,NA,NA
192084,3,7992,3,1,2847,1,NA,NA,NA
192119,NA,NA,NA,1,1819,1,1,2079,1
192162,2,4483,2,NA,NA,NA,NA,NA,NA
192192,1,2209,1,NA,NA,NA,NA,NA,NA
192208,NA,NA,NA,1,2924,1,NA,NA,NA
192450,NA,NA,NA,1,5459,1,NA,NA,NA
192648,1,3336,1,NA,NA,NA,NA,NA,NA
192914,NA,NA,NA,1,3249,1,NA,NA,NA
193036,3,27267,9,3,32242,11,6,58216,18
193104,NA,NA,NA,1,5502,2,NA,NA,NA
193136,1,2469,1,2,6786,3,NA,NA,NA
193154,NA,NA,NA,1,8771,3,NA,NA,NA
193175,3,9030,4,2,7471,3,1,4547,2
193476,NA,NA,NA,NA,NA,NA,1,3403,2
193630,NA,NA,NA,NA,NA,NA,1,2079,1
193742,1,3832,2,NA,NA,NA,NA,NA,NA
193867,NA,NA,NA,NA,NA,NA,1,4159,1
194124,1,1819,1,NA,NA,NA,NA,NA,NA
194199,NA,NA,NA,NA,NA,NA,1,2469,1
194263,1,2079,1,NA,NA,NA,NA,NA,NA
194329,NA,NA,NA,NA,NA,NA,2,26415,7
194653,NA,NA,NA,1,1869,1,NA,NA,NA
194812,1,6822,2,NA,NA,NA,NA,NA,NA
194849,NA,NA,NA,1,9227,2,NA,NA,NA
194874,NA,NA,NA,NA,NA,NA,1,4937,2
195179,NA,NA,NA,2,11044,4,NA,NA,NA
195264,1,4289,1,NA,NA,NA,NA,NA,NA
195338,1,2144,1,NA,NA,NA,NA,NA,NA
195339,1,1819,1,1,1819,1,NA,NA,NA
195442,NA,NA,NA,NA,NA,NA,2,3314,2
195573,NA,NA,NA,1,2534,1,NA,NA,NA
195741,1,2859,1,NA,NA,NA,NA,NA,NA
195788,1,2014,1,NA,NA,NA,NA,NA,NA
195863,NA,NA,NA,NA,NA,NA,1,3769,1
195924,2,5198,2,NA,NA,NA,2,5133,2
195965,NA,NA,NA,1,1884,1,NA,NA,NA
196020,1,2339,1,NA,NA,NA,NA,NA,NA
196554,NA,NA,NA,1,2859,1,NA,NA,NA
196588,1,2734,1,NA,NA,NA,NA,NA,NA
196670,NA,NA,NA,1,3120,1,NA,NA,NA
196829,NA,NA,NA,1,8769,5,2,13965,8
197147,NA,NA,NA,1,8991,4,NA,NA,NA
197267,1,3964,1,NA,NA,NA,NA,NA,NA
197313,1,4157,2,NA,NA,NA,NA,NA,NA
197333,NA,NA,NA,2,6230,2,NA,NA,NA
197416,NA,NA,NA,1,2469,1,NA,NA,NA
197630,NA,NA,NA,1,2166,1,NA,NA,NA
197635,1,3897,2,NA,NA,NA,NA,NA,NA
197674,2,5263,2,NA,NA,NA,NA,NA,NA
197706,NA,NA,NA,NA,NA,NA,1,6239,1
197733,NA,NA,NA,2,3898,2,2,4288,2
198590,1,2144,1,NA,NA,NA,NA,NA,NA
198621,NA,NA,NA,NA,NA,NA,1,4614,1
198706,NA,NA,NA,1,2079,1,1,2274,1
198949,NA,NA,NA,NA,NA,NA,1,4159,1
198997,1,18057,6,NA,NA,NA,NA,NA,NA
199279,NA,NA,NA,1,6162,2,NA,NA,NA
199293,1,2274,1,NA,NA,NA,NA,NA,NA
199593,NA,NA,NA,2,8253,2,NA,NA,NA
199611,NA,NA,NA,1,2188,1,NA,NA,NA
199674,NA,NA,NA,NA,NA,NA,1,3020,1
199763,NA,NA,NA,1,2192,1,1,2652,1
199850,NA,NA,NA,NA,NA,NA,1,2144,1
199981,NA,NA,NA,1,2599,1,NA,NA,NA
